{
  "_fv": 43,
  "_type": "achievement",
  "definition": {
    "achievementName": "no thanks",
    "achievementDescription": "(disable your friendly grab) you don't want to be covered in goo",
    "achievementIcon": {
      "value": "CUSTOM:DevItem2"
    },
    "background": "Default",
    "disableDisplay": false,
    "showPopup": true,
    "announceToChat": false,
    "hideIfNotCompleted": false,
    "rewardLoot": [],
    "rewardRecipes": [],
    "rewardFunction": "No function",
    "rewardXP": 0,
    "achievementType": "task",
    "parent": {
      "value": "CUSTOM:FurryFriend"
    },
    "triggerxml": "<xml xmlns=\"https://developers.google.com/blockly/xml\"><block type=\"custom_trigger\" x=\"44\" y=\"33\"><next><block type=\"advancement_trigger\" deletable=\"false\"></block></next></block></xml>"
  }
}