{
  "_fv": 43,
  "_type": "achievement",
  "definition": {
    "achievementName": "a different kind of ammonia!?",
    "achievementDescription": "you craft one ammonia powder",
    "achievementIcon": {
      "value": "CUSTOM:Ammonia"
    },
    "background": "Default",
    "disableDisplay": false,
    "showPopup": true,
    "announceToChat": false,
    "hideIfNotCompleted": true,
    "rewardLoot": [],
    "rewardRecipes": [],
    "rewardFunction": "No function",
    "rewardXP": 0,
    "achievementType": "task",
    "parent": {
      "value": "CUSTOM:Ammoniapoweradvancement"
    },
    "triggerxml": "<xml xmlns=\"https://developers.google.com/blockly/xml\"><block type=\"custom_trigger\" x=\"16\" y=\"50\"><next><block type=\"advancement_trigger\" deletable=\"false\"></block></next></block></xml>"
  }
}