{
  "_fv": 43,
  "_type": "gui",
  "definition": {
    "type": 0,
    "width": 418,
    "height": 220,
    "inventoryOffsetX": 0,
    "inventoryOffsetY": 0,
    "renderBgLayer": true,
    "doesPauseGame": false,
    "components": [
      {
        "type": "image",
        "data": {
          "image": "craft4.png",
          "use1Xscale": true,
          "x": 211,
          "y": 14
        }
      },
      {
        "type": "label",
        "data": {
          "name": "label_fflowers",
          "text": {
            "fixedValue": "f=flowers"
          },
          "color": {
            "value": -12829636,
            "falpha": 0.0
          },
          "x": 288,
          "y": 17
        }
      },
      {
        "type": "label",
        "data": {
          "name": "label_mmeat",
          "text": {
            "fixedValue": "m=meat"
          },
          "color": {
            "value": -12829636,
            "falpha": 0.0
          },
          "x": 253,
          "y": 16
        }
      },
      {
        "type": "label",
        "data": {
          "name": "label_sseed",
          "text": {
            "fixedValue": "s=seed"
          },
          "color": {
            "value": -12829636,
            "falpha": 0.0
          },
          "x": 216,
          "y": 16
        }
      },
      {
        "type": "button",
        "data": {
          "name": "button_close",
          "text": "close",
          "onClick": {
            "name": "Closemenu"
          },
          "width": 51,
          "height": 20,
          "x": 366,
          "y": 40
        }
      },
      {
        "type": "button",
        "data": {
          "name": "button_back",
          "text": "back",
          "onClick": {
            "name": "Openpage2"
          },
          "width": 46,
          "height": 20,
          "x": 371,
          "y": 15
        }
      },
      {
        "type": "image",
        "data": {
          "image": "litixcamoniarecipe.png",
          "use1Xscale": false,
          "x": 7,
          "y": 12
        }
      },
      {
        "type": "label",
        "data": {
          "name": "label_unifuser",
          "text": {
            "fixedValue": "unifuser"
          },
          "color": {
            "value": -12829636,
            "falpha": 0.0
          },
          "x": 13,
          "y": 15
        }
      },
      {
        "type": "image",
        "data": {
          "image": "ammoniapowderrecipe.png",
          "use1Xscale": false,
          "x": 8,
          "y": 109
        }
      },
      {
        "type": "label",
        "data": {
          "name": "label_catlyzer",
          "text": {
            "fixedValue": "Catlyzer"
          },
          "color": {
            "value": -12829636,
            "falpha": 0.0
          },
          "x": 13,
          "y": 116
        }
      },
      {
        "type": "image",
        "data": {
          "image": "ammoniarecipe.png",
          "use1Xscale": false,
          "x": 211,
          "y": 86
        }
      },
      {
        "type": "label",
        "data": {
          "name": "label_catlyzer1",
          "text": {
            "fixedValue": "Catlyzer"
          },
          "color": {
            "value": -12829636,
            "falpha": 0.0
          },
          "x": 217,
          "y": 91
        }
      },
      {
        "type": "button",
        "data": {
          "name": "button_next",
          "text": "next",
          "onClick": {
            "name": "Openbookpage5"
          },
          "width": 46,
          "height": 20,
          "x": 361,
          "y": 201
        }
      },
      {
        "type": "label",
        "data": {
          "name": "label_for_turn_on_the_catlyzer_and_uni",
          "text": {
            "fixedValue": "For turn on the catlyzer and unifuser is Shift+Click"
          },
          "color": {
            "value": -16777216,
            "falpha": 0.0
          },
          "x": 9,
          "y": 193
        }
      },
      {
        "type": "image",
        "data": {
          "image": "unlatexbase_buttonv2.png",
          "use1Xscale": false,
          "x": 22,
          "y": 82
        }
      }
    ],
    "gridSettings": {
      "sx": 18,
      "sy": 18,
      "ox": 11,
      "oy": 15,
      "snapOnGrid": false
    }
  }
}