{
  "_fv": 43,
  "_type": "command",
  "definition": {
    "commandName": "changed_addon",
    "permissionLevel": "No requirement",
    "argsxml": "<xml xmlns=\"https://developers.google.com/blockly/xml\"><block type=\"args_start\" deletable=\"false\" x=\"40\" y=\"40\"><next><block type=\"literal\"><field name=\"name\">toggle_reset_transfur_advancement</field><statement name=\"args\"><block type=\"literal\"><field name=\"name\">info</field><statement name=\"args\"><block type=\"call_procedure\"><field name=\"procedure\">Inforesettransfuradvancement</field></block></statement><next><block type=\"logic\"><field name=\"name\">turn</field><statement name=\"args\"><block type=\"call_procedure\"><field name=\"procedure\">Toggleresettransfuradvancements</field></block></statement></block></next></block></statement><next><block type=\"literal\"><field name=\"name\">toggle_addon_warns</field><statement name=\"args\"><block type=\"logic\"><field name=\"name\">warns</field><statement name=\"args\"><block type=\"call_procedure\"><field name=\"procedure\">Tooglewarns</field></block></statement><next><block type=\"literal\"><field name=\"name\">info</field><statement name=\"args\"><block type=\"call_procedure\"><field name=\"procedure\">Infoaddonwarns</field></block></statement></block></next></block></statement><next><block type=\"literal\"><field name=\"name\">toggle_addon_gui</field><statement name=\"args\"><block type=\"literal\"><field name=\"name\">transfur_gui</field><statement name=\"args\"><block type=\"literal\"><field name=\"name\">info</field><statement name=\"args\"><block type=\"call_procedure\"><field name=\"procedure\">Infoonlytransfuraddongui</field></block></statement><next><block type=\"literal\"><field name=\"name\">organic_overlay</field><statement name=\"args\"><block type=\"logic\"><field name=\"name\">turn</field><statement name=\"args\"><block type=\"call_procedure\"><field name=\"procedure\">ToggleOrganicOverlay</field></block></statement></block></statement><next><block type=\"logic\"><field name=\"name\">turn</field><statement name=\"args\"><block type=\"call_procedure\"><field name=\"procedure\">Toggleaddonguiprocedure</field></block></statement></block></next></block></next></block></statement><next><block type=\"literal\"><field name=\"name\">human_gui</field><statement name=\"args\"><block type=\"literal\"><field name=\"name\">info</field><statement name=\"args\"><block type=\"call_procedure\"><field name=\"procedure\">Infoonlyhumanaddongui</field></block></statement><next><block type=\"logic\"><field name=\"name\">turn</field><statement name=\"args\"><block type=\"call_procedure\"><field name=\"procedure\">Togglehumanaddongui</field></block></statement></block></next></block></statement><next><block type=\"literal\"><field name=\"name\">all_gui</field><statement name=\"args\"><block type=\"literal\"><field name=\"name\">info</field><statement name=\"args\"><block type=\"call_procedure\"><field name=\"procedure\">Infoaddongui</field></block></statement><next><block type=\"logic\"><field name=\"name\">turn</field><statement name=\"args\"><block type=\"call_procedure\"><field name=\"procedure\">Togglealladdongui</field></block></statement></block></next></block></statement></block></next></block></next></block></statement></block></next></block></next></block></next></block></xml>"
  }
}