{
  "_fv": 43,
  "_type": "item",
  "definition": {
    "renderType": 0,
    "texture": "syringe_of_descontrol",
    "customModelName": "Normal",
    "name": "Syringe of Descontrol",
    "rarity": "RARE",
    "creativeTab": {
      "value": "CUSTOM:ChangedAddon"
    },
    "stackSize": 32,
    "enchantability": 0,
    "useDuration": 32,
    "toolType": 1.0,
    "damageCount": 0,
    "recipeRemainder": {
      "value": ""
    },
    "destroyAnyBlock": false,
    "immuneToFire": false,
    "stayInGridWhenCrafting": false,
    "damageOnCrafting": false,
    "enableMeleeDamage": false,
    "damageVsEntity": 0.0,
    "specialInfo": [],
    "hasGlow": false,
    "guiBoundTo": "<NONE>",
    "inventorySize": 9,
    "inventoryStackSize": 64,
    "onFinishUsingItem": {
      "name": "DescontrolSyringePlayerFinishesUsingItem"
    },
    "isFood": true,
    "nutritionalValue": 4,
    "saturation": 3.0,
    "eatResultItem": {
      "value": ""
    },
    "isMeat": false,
    "isAlwaysEdible": true,
    "animation": "drink"
  }
}