{
  "_fv": 43,
  "_type": "structure",
  "definition": {
    "structure": "experiment009_lab",
    "randomlyRotateStructure": true,
    "surfaceDetectionType": "First motion blocking block",
    "spawnProbability": 800,
    "minCountPerChunk": 1,
    "maxCountPerChunk": 1,
    "spawnLocation": "Ground",
    "spawnHeightOffset": 0,
    "spawnXOffset": 0,
    "spawnZOffset": 0,
    "spawnWorldTypes": [
      "Surface"
    ],
    "restrictionBlocks": [
      {
        "value": "Blocks.GRASS"
      }
    ],
    "restrictionBiomes": [
      {
        "value": "plains"
      },
      {
        "value": "snowy_tundra"
      },
      {
        "value": "mutated_plains"
      },
      {
        "value": "savanna"
      }
    ],
    "ignoreBlocks": "STRUCTURE_BLOCK"
  }
}