{
  "_fv": 43,
  "_type": "overlay",
  "definition": {
    "priority": "NORMAL",
    "components": [
      {
        "type": "image",
        "data": {
          "image": "canassimilation.png",
          "use1Xscale": false,
          "displayCondition": {
            "name": "Showassimilationicon"
          },
          "x": 1,
          "y": 198
        }
      },
      {
        "type": "image",
        "data": {
          "image": "assimilation_off_icon.png",
          "use1Xscale": false,
          "displayCondition": {
            "name": "Showassimilationoffbutton"
          },
          "x": 1,
          "y": 198
        }
      },
      {
        "type": "image",
        "data": {
          "image": "cangrabicon.png",
          "use1Xscale": false,
          "displayCondition": {
            "name": "Showcangrabicon"
          },
          "x": 1,
          "y": 158
        }
      },
      {
        "type": "image",
        "data": {
          "image": "cantgrabicon.png",
          "use1Xscale": false,
          "displayCondition": {
            "name": "Shocantgrabicon"
          },
          "x": 1,
          "y": 158
        }
      },
      {
        "type": "image",
        "data": {
          "image": "friendlymodeicon.png",
          "use1Xscale": false,
          "displayCondition": {
            "name": "ShowfriendlymodeIcon"
          },
          "x": 1,
          "y": 178
        }
      },
      {
        "type": "image",
        "data": {
          "image": "friendlymodeofficon.png",
          "use1Xscale": false,
          "displayCondition": {
            "name": "Showfriendlymodeofficon"
          },
          "x": 1,
          "y": 178
        }
      },
      {
        "type": "image",
        "data": {
          "image": "organic_form_overlay.png",
          "use1Xscale": false,
          "displayCondition": {
            "name": "ShowOrganicOverLay"
          },
          "x": 1,
          "y": 158
        }
      },
      {
        "type": "image",
        "data": {
          "image": "organic_friendly_mode_on_v2.png",
          "use1Xscale": false,
          "displayCondition": {
            "name": "ShowOrganicFriendlyModeon"
          },
          "x": 1,
          "y": 178
        }
      },
      {
        "type": "image",
        "data": {
          "image": "organic_friendly_mode_off_v2.png",
          "use1Xscale": false,
          "displayCondition": {
            "name": "ShowOrganicFriendlyModeOff"
          },
          "x": 1,
          "y": 178
        }
      }
    ],
    "baseTexture": "",
    "overlayTarget": "Ingame",
    "displayCondition": {
      "name": "FriendlymodeoverlayDisplayOverlayIngame"
    },
    "gridSettings": {
      "sx": 20,
      "sy": 20,
      "ox": 40,
      "oy": 15,
      "snapOnGrid": true
    }
  }
}