{
  "_fv": 43,
  "_type": "achievement",
  "definition": {
    "achievementName": "Furry Friend",
    "achievementDescription": "do you have a friendly furry nearby",
    "achievementIcon": {
      "value": "CUSTOM:Devitem"
    },
    "background": "Default",
    "disableDisplay": false,
    "showPopup": true,
    "announceToChat": false,
    "hideIfNotCompleted": false,
    "rewardLoot": [],
    "rewardRecipes": [],
    "rewardFunction": "No function",
    "rewardXP": 0,
    "achievementType": "task",
    "parent": {
      "value": "CUSTOM:ChangedaddonAdvancement"
    },
    "triggerxml": "<xml xmlns=\"https://developers.google.com/blockly/xml\"><block type=\"custom_trigger\" x=\"56\" y=\"65\"><next><block type=\"advancement_trigger\" deletable=\"false\"></block></next></block></xml>"
  }
}