{
  "_fv": 43,
  "_type": "achievement",
  "definition": {
    "achievementName": "§cHug",
    "achievementDescription": "you won or gave a §chug§r in an organic transfur",
    "achievementIcon": {
      "value": "CUSTOM:DevItem4"
    },
    "background": "Default",
    "disableDisplay": false,
    "showPopup": true,
    "announceToChat": false,
    "hideIfNotCompleted": true,
    "rewardLoot": [],
    "rewardRecipes": [],
    "rewardFunction": "No function",
    "rewardXP": 0,
    "achievementType": "task",
    "parent": {
      "value": "CUSTOM:FurryFriend"
    },
    "triggerxml": "<xml xmlns=\"https://developers.google.com/blockly/xml\"><block type=\"custom_trigger\" x=\"39\" y=\"39\"><next><block type=\"advancement_trigger\" deletable=\"false\"></block></next></block></xml>"
  }
}