{
  "_fv": 43,
  "_type": "achievement",
  "definition": {
    "achievementName": "Litixcamonia!?",
    "achievementDescription": "you made a litixcamonia congratulations",
    "achievementIcon": {
      "value": "CUSTOM:LitixCamonia"
    },
    "background": "Default",
    "disableDisplay": false,
    "showPopup": true,
    "announceToChat": false,
    "hideIfNotCompleted": true,
    "rewardLoot": [],
    "rewardRecipes": [],
    "rewardFunction": "No function",
    "rewardXP": 0,
    "achievementType": "goal",
    "parent": {
      "value": "CUSTOM:UnifuserAdvancement"
    },
    "triggerxml": "<xml xmlns=\"https://developers.google.com/blockly/xml\"><block type=\"custom_trigger\" x=\"44\" y=\"48\"><next><block type=\"advancement_trigger\" deletable=\"false\"></block></next></block></xml>"
  }
}