{
  "_fv": 43,
  "_type": "armor",
  "definition": {
    "enableHelmet": true,
    "textureHelmet": "lunar-flower",
    "enableBody": false,
    "textureBody": "",
    "enableLeggings": false,
    "textureLeggings": "",
    "enableBoots": false,
    "textureBoots": "",
    "onHelmetTick": {
      "name": "HyperFlower"
    },
    "creativeTab": {
      "value": "CUSTOM:ChangedAddon"
    },
    "armorTextureFile": "nothing_",
    "helmetName": "Lunar Rose",
    "bodyName": "Lunarrose Body",
    "leggingsName": "Lunarrose Leggings",
    "bootsName": "Lunarrose Boots",
    "helmetSpecialInfo": [],
    "bodySpecialInfo": [],
    "leggingsSpecialInfo": [],
    "bootsSpecialInfo": [],
    "helmetModelName": "ModelHyper_Flower",
    "helmetModelPart": "Lunar_Rose_model",
    "helmetModelTexture": "finished_moon_rose_fix.png",
    "bodyModelName": "Default",
    "bodyModelPart": "Body",
    "armsModelPartL": "Arms L",
    "armsModelPartR": "Arms R",
    "bodyModelTexture": "From armor",
    "leggingsModelName": "Default",
    "leggingsModelPartL": "Leggings L",
    "leggingsModelPartR": "Leggings R",
    "leggingsModelTexture": "From armor",
    "bootsModelName": "Default",
    "bootsModelPartL": "Boots L",
    "bootsModelPartR": "Boots R",
    "bootsModelTexture": "From armor",
    "helmetItemRenderType": 0,
    "helmetItemCustomModelName": "Normal",
    "bodyItemRenderType": 0,
    "bodyItemCustomModelName": "Normal",
    "leggingsItemRenderType": 0,
    "leggingsItemCustomModelName": "Normal",
    "bootsItemRenderType": 0,
    "bootsItemCustomModelName": "Normal",
    "helmetImmuneToFire": true,
    "bodyImmuneToFire": false,
    "leggingsImmuneToFire": false,
    "bootsImmuneToFire": false,
    "maxDamage": 25,
    "damageValueHelmet": 0,
    "damageValueBody": 0,
    "damageValueLeggings": 0,
    "damageValueBoots": 0,
    "enchantability": 25,
    "toughness": 0.0,
    "knockbackResistance": 0.0,
    "equipSound": {
      "value": ""
    },
    "repairItems": []
  }
}