{
  "_fv": 43,
  "_type": "achievement",
  "definition": {
    "achievementName": "Orange Juice Is Yummy",
    "achievementDescription": "You Drink One Orange Juice yummy",
    "achievementIcon": {
      "value": "CUSTOM:Orangejuice"
    },
    "background": "Default",
    "disableDisplay": false,
    "showPopup": true,
    "announceToChat": false,
    "hideIfNotCompleted": false,
    "rewardLoot": [],
    "rewardRecipes": [],
    "rewardFunction": "No function",
    "rewardXP": 0,
    "achievementType": "task",
    "parent": {
      "value": "CUSTOM:ChangedaddonAdvancement"
    },
    "triggerxml": "<xml xmlns=\"https://developers.google.com/blockly/xml\"><block type=\"item_consumed\" x=\"30\" y=\"35\"><value name=\"item\"><block type=\"mcitem_all\"><field name=\"value\">CUSTOM:Orangejuice</field></block></value><next><block type=\"advancement_trigger\" deletable=\"false\"></block></next></block></xml>"
  }
}