{
  "_fv": 43,
  "_type": "achievement",
  "definition": {
    "achievementName": "yummy?",
    "achievementDescription": "you drink a litixcamonia liquid the taste is not bad but not too much good",
    "achievementIcon": {
      "value": "CUSTOM:Potwithcamonia"
    },
    "background": "Default",
    "disableDisplay": false,
    "showPopup": true,
    "announceToChat": false,
    "hideIfNotCompleted": false,
    "rewardLoot": [],
    "rewardRecipes": [],
    "rewardFunction": "No function",
    "rewardXP": 0,
    "achievementType": "task",
    "parent": {
      "value": "CUSTOM:ChangedaddonAdvancement"
    },
    "triggerxml": "<xml xmlns=\"https://developers.google.com/blockly/xml\"><block type=\"item_consumed\" x=\"41\" y=\"24\"><value name=\"item\"><block type=\"mcitem_all\"><field name=\"value\">CUSTOM:Potwithcamonia</field></block></value><next><block type=\"advancement_trigger\" deletable=\"false\"></block></next></block></xml>"
  }
}