{
  "_fv": 43,
  "_type": "recipe",
  "definition": {
    "recipeType": "Crafting",
    "recipeRetstackSize": 1,
    "group": "",
    "cookingBookCategory": "MISC",
    "xpReward": 0.0,
    "cookingTime": 200,
    "craftingBookCategory": "MISC",
    "recipeShapeless": false,
    "recipeSlots": [
      {
        "value": "Items.REDSTONE"
      },
      {
        "value": "Items.TOTEM_OF_UNDYING"
      },
      {
        "value": "Items.REDSTONE"
      },
      {
        "value": "Items.IRON_INGOT"
      },
      {
        "value": "Blocks.REDSTONE_BLOCK"
      },
      {
        "value": "Items.IRON_INGOT"
      },
      {
        "value": "Items.REDSTONE"
      },
      {
        "value": "Items.IRON_INGOT"
      },
      {
        "value": "Items.REDSTONE"
      }
    ],
    "recipeReturnStack": {
      "value": "CUSTOM:Prototype.spawn_egg"
    },
    "name": "prototypespawneggrecipe",
    "namespace": "mod"
  }
}