{
  "_fv": 43,
  "_type": "achievement",
  "definition": {
    "achievementName": "STOP",
    "achievementDescription": "YOU USE THE LITIX SYRINGE 120 TIMES §4 I WARNED YOU TO STOP SERIOUSLY YOU COULD GET CANCER!!!",
    "achievementIcon": {
      "value": "CUSTOM:Syringewithlitixcammonia"
    },
    "background": "Default",
    "disableDisplay": false,
    "showPopup": true,
    "announceToChat": false,
    "hideIfNotCompleted": true,
    "rewardLoot": [],
    "rewardRecipes": [],
    "rewardFunction": "No function",
    "rewardXP": 0,
    "achievementType": "challenge",
    "parent": {
      "value": "CUSTOM:Timesthesyringewasuseadvancement2"
    },
    "triggerxml": "<xml xmlns=\"https://developers.google.com/blockly/xml\"><block type=\"custom_trigger\" x=\"45\" y=\"35\"><next><block type=\"advancement_trigger\" deletable=\"false\"></block></next></block></xml>"
  }
}