{
  "_fv": 43,
  "_type": "achievement",
  "definition": {
    "achievementName": "A Unifuser? What does do?",
    "achievementDescription": "you craft or get a Unifisuer",
    "achievementIcon": {
      "value": "CUSTOM:Unifuser"
    },
    "background": "Default",
    "disableDisplay": false,
    "showPopup": true,
    "announceToChat": false,
    "hideIfNotCompleted": false,
    "rewardLoot": [],
    "rewardRecipes": [],
    "rewardFunction": "No function",
    "rewardXP": 0,
    "achievementType": "task",
    "parent": {
      "value": "CUSTOM:ChangedaddonAdvancement"
    },
    "triggerxml": "<xml xmlns=\"https://developers.google.com/blockly/xml\"><block type=\"custom_trigger\" x=\"36\" y=\"43\"><next><block type=\"advancement_trigger\" deletable=\"false\"></block></next></block></xml>"
  }
}