{
  "_fv": 43,
  "_type": "achievement",
  "definition": {
    "achievementName": "I don't think it's that permanent!!",
    "achievementDescription": "you untransfur with the pot with litixcamonia",
    "achievementIcon": {
      "value": "CUSTOM:Potwithcamonia"
    },
    "background": "Default",
    "disableDisplay": false,
    "showPopup": true,
    "announceToChat": false,
    "hideIfNotCompleted": true,
    "rewardLoot": [],
    "rewardRecipes": [],
    "rewardFunction": "No function",
    "rewardXP": 0,
    "achievementType": "task",
    "parent": {
      "value": "CUSTOM:Untransfuritemadvancement"
    },
    "triggerxml": "<xml xmlns=\"https://developers.google.com/blockly/xml\"><block type=\"custom_trigger\" x=\"39\" y=\"34\"><next><block type=\"advancement_trigger\" deletable=\"false\"></block></next></block></xml>"
  }
}