{
    "id": "restructure",
    "minversion": 202300100000,
    "maxversion": 202300399999,
    "weight": 10,
    "javaplugin": "com.gregoryam.restructure.Launcher",
    "info": {
        "name": "<span style='font-weight:bold'>[Re]</span>Structure - Forge & Fabric",
        "version": "2.0.0",
        "description": "A more configurable Structure Element.",
        "author": "GregoryAM",
        "updateJSONURL": "https://gregoryam.com/assets/js/User/MCreatorPlugin/[Re]Structure.json",
        "credits": "<html>MCreators Source Code</html>",
        "pluginPageID": 100952
    }
}