{
  "args0": [
    {
      "type": "field_data_list_selector",
      "name": "entity",
      "datalist": "spawnableEntity"
    },
    {
      "type": "input_value",
      "name": "x",
      "check": "Number"
    },
    {
      "type": "input_value",
      "name": "y",
      "check": "Number"
    },
    {
      "type": "input_value",
      "name": "z",
      "check": "Number"
    },
    {
      "type": "input_value",
      "name": "spawnentity",
      "check": "Entity"
    },
    {
      "type": "input_statement",
      "name": "execute"
    }
  ],
  "inputsInline": true,
  "previousStatement": null,
  "nextStatement": null,
  "colour": 35,
  "mcreator": {
    "toolbox_id": "damagesource",
    "toolbox_init": [
      "<value name=\"x\"><block type=\"coord_x\"></block></value>",
      "<value name=\"y\"><block type=\"coord_y\"></block></value>",
      "<value name=\"z\"><block type=\"coord_z\"></block></value>",
      "<value name=\"spawnentity\"><block type=\"entity_data_spawn_entity\"></block></value>"
    ],
    "fields": [
      "entity"
    ],
    "inputs": [
      "x",
      "y",
      "z",
      "spawnentity"
    ],
    "statements": [
      {
        "name": "execute"
      }
    ],
    "dependencies": [
      {
        "name": "world",
        "type": "world"
      }
    ]
  }
}