{
  "args0": [
    {
      "type": "field_dropdown",
      "name": "mode",
      "options": [
        [
          "SIX_FACES",
          "SIX_FACES"
        ],
        [
          "ONE_FACE",
          "ONE_FACE"
        ],
        [
          "END_SKY",
          "END_SKY"
        ]
      ]
    },
    {
      "type": "field_checkbox",
      "name": "constant",
      "checked": true
    },
    {
      "type": "field_image",
      "src": "./res/client.png",
      "width": 8,
      "height": 24
    }
  ],
  "inputsInline": true,
  "previousStatement": null,
  "nextStatement": null,
  "colour": 120,
  "mcreator": {
    "toolbox_id": "rendermanagement",
    "fields": [
      "mode",
      "constant"
    ],
    "dependencies": [
      {
        "name": "pose",
        "type": "pose"
      },
      {
        "name": "world",
        "type": "world"
      }
    ]
  }
}