{
  "args0": [
    {
      "type": "input_value",
      "name": "list",
      "check": "VectorList"
    },
    {
      "type": "input_value",
      "name": "vector",
      "check": "Vector"
    },
    {
      "type": "input_dummy"
    },
    {
      "type": "input_statement",
      "name": "foreach"
    }
  ],
  "extensions": [
    "is_custom_loop"
  ],
  "inputsInline": true,
  "previousStatement": null,
  "nextStatement": null,
  "colour": 195,
  "mcreator": {
    "toolbox_id": "vectorlist",
    "toolbox_init": [
      "<value name=\"list\"></value>",
      "<value name=\"vector\"><block type=\"vector_iterator\"></block></value>"
    ],
    "inputs": [
      "list"
    ],
    "statements": [
      {
        "name": "foreach"
      }
    ]
  }
}