{
  "args0": [
    {
      "type": "input_value",
      "name": "vector",
      "check": "Vector"
    },
    {
      "type": "input_value",
      "name": "list",
      "check": "VectorList"
    }
  ],
  "output": "Number",
  "inputsInline": true,
  "colour": "%{BKY_MATH_HUE}",
  "mcreator": {
    "toolbox_id": "vectorlist",
    "toolbox_init": [
      "<value name=\"vector\"></value>",
      "<value name=\"list\"></value>"
    ],
    "inputs": [
      "vector",
      "list"
    ]
  }
}