{
  "args0": [
    {
      "type": "field_dropdown",
      "name": "component",
      "options": [
        [
          "X",
          "X"
        ],
        [
          "Y",
          "Y"
        ],
        [
          "Z",
          "Z"
        ],
        [
          "XY",
          "XY"
        ],
        [
          "YZ",
          "YZ"
        ],
        [
          "ZX",
          "ZX"
        ],
        [
          "ORIGIN",
          "ORIGIN"
        ]
      ]
    },
    {
      "type": "input_value",
      "name": "vector",
      "check": "Vector"
    }
  ],
  "output": "Vector",
  "colour": 175,
  "mcreator": {
    "toolbox_id": "vector",
    "toolbox_init": [
      "<value name=\"vector\"></value>"
    ],
    "fields": [
      "component"
    ],
    "inputs": [
      "vector"
    ]
  }
}