{
  "args0": [
    {
      "type": "input_value",
      "name": "index",
      "check": "Number"
    },
    {
      "type": "input_value",
      "name": "list",
      "check": "VectorList"
    }
  ],
  "output": "Vector",
  "inputsInline": true,
  "colour": 175,
  "mcreator": {
    "toolbox_id": "vectorlist",
    "toolbox_init": [
      "<value name=\"index\"><block type=\"math_number\"><field name=\"NUM\">0</field></block></value>",
      "<value name=\"list\"></value>"
    ],
    "inputs": [
      "index",
      "list"
    ]
  }
}