{
  "args0": [
    {
      "type": "input_value",
      "name": "left",
      "check": "Vector"
    },
    {
      "type": "input_value",
      "name": "right",
      "check": "Vector"
    },
    {
      "type": "input_value",
      "name": "coef",
      "check": "Number"
    }
  ],
  "output": "Vector",
  "inputsInline": true,
  "colour": 175,
  "mcreator": {
    "toolbox_id": "vector",
    "toolbox_init": [
      "<value name=\"left\"></value>",
      "<value name=\"right\"></value>",
      "<value name=\"coef\"><block type=\"math_number\"><field name=\"NUM\">0.5</field></block></value>"
    ],
    "inputs": [
      "left",
      "right",
      "coef"
    ]
  }
}