{
  "args0": [
    {
      "type": "input_value",
      "name": "vector",
      "check": "Vector"
    },
    {
      "type": "input_value",
      "name": "degrees",
      "check": "Number"
    },
    {
      "type": "field_dropdown",
      "name": "axis",
      "options": [
        [
          "X",
          "X"
        ],
        [
          "Y",
          "Y"
        ],
        [
          "Z",
          "Z"
        ]
      ]
    }
  ],
  "output": "Vector",
  "inputsInline": true,
  "colour": 175,
  "mcreator": {
    "toolbox_id": "vector",
    "toolbox_init": [
      "<value name=\"vector\"></value>",
      "<value name=\"degrees\"><block type=\"math_number\"><field name=\"NUM\">0</field></block></value>"
    ],
    "inputs": [
      "vector",
      "degrees"
    ],
    "fields": [
      "axis"
    ]
  }
}