{
  "args0": [
    {
      "type": "field_dropdown",
      "name": "operator",
      "options": [
        [
          "CEIL",
          "CEIL"
        ],
        [
          "FLOOR",
          "FLOOR"
        ],
        [
          "ROUND",
          "ROUND"
        ]
      ]
    },
    {
      "type": "input_value",
      "name": "vector",
      "check": "Vector"
    }
  ],
  "output": "Vector",
  "colour": 175,
  "mcreator": {
    "toolbox_id": "vector",
    "toolbox_init": [
      "<value name=\"vector\"></value>"
    ],
    "fields": [
      "operator"
    ],
    "inputs": [
      "vector"
    ]
  }
}