{
  "args0": [
    {
      "type": "input_value",
      "name": "vector",
      "check": "Vector"
    },
    {
      "type": "input_value",
      "name": "value",
      "check": "Number"
    }
  ],
  "inputsInline": true,
  "previousStatement": null,
  "nextStatement": null,
  "colour": 175,
  "mcreator": {
    "toolbox_id": "vector",
    "toolbox_init": [
      "<value name=\"vector\"></value>",
      "<value name=\"value\"><block type=\"math_number\"><field name=\"NUM\">1</field></block></value>"
    ],
    "inputs": [
      "vector",
      "value"
    ]
  }
}