{
  "args0": [
    {
      "type": "input_value",
      "name": "name",
      "check": "String"
    },
    {
      "type": "input_value",
      "name": "item",
      "check": "MCItem"
    },
    {
      "type": "input_value",
      "name": "list",
      "check": "VectorList"
    }
  ],
  "inputsInline": true,
  "previousStatement": null,
  "nextStatement": null,
  "colour": 195,
  "mcreator": {
    "toolbox_id": "vectorlist",
    "toolbox_init": [
      "<value name=\"name\"><block type=\"text\"><field name=\"TEXT\">tagName</field></block></value>",
      "<value name=\"item\"><block type=\"itemstack_to_mcitem\"></block></value>",
      "<value name=\"list\"></value>"
    ],
    "inputs": [
      "name",
      "item",
      "list"
    ]
  }
}