{
  "args0": [
    {
      "type": "field_data_list_selector",
      "name": "entity",
      "datalist": "spawnableEntity"
    },
    {
      "type": "input_value",
      "name": "x",
      "check": "Number"
    },
    {
      "type": "input_value",
      "name": "y",
      "check": "Number"
    },
    {
      "type": "input_value",
      "name": "z",
      "check": "Number"
    },
    {
      "type": "input_value",
      "name": "yaw",
      "check": "Number"
    },
    {
      "type": "input_value",
      "name": "pitch",
      "check": "Number"
    },
    {
      "type": "input_value",
      "name": "vx",
      "check": "Number"
    },
    {
      "type": "input_value",
      "name": "vy",
      "check": "Number"
    },
    {
      "type": "input_value",
      "name": "vz",
      "check": "Number"
    },
    {
      "type": "input_value",
      "name": "entity2",
      "check": "Entity"
    },
    {
      "type": "field_checkbox",
      "name": "nbtcheck",
      "checked": false
    },
    {
      "type": "input_value",
      "name": "nbtname",
      "check": "String"
    },
    {
      "type": "input_value",
      "name": "nbtvalue",
      "check": "String"
    }
  ],
  "inputsInline": true,
  "previousStatement": null,
  "nextStatement": null,
  "colour": "#998060",
  "mcreator": {
    "toolbox_id": "vex",
    "toolbox_init": [
      "<value name=\"x\"><block type=\"coord_x\"></block></value>",
      "<value name=\"y\"><block type=\"coord_y\"></block></value>",
      "<value name=\"z\"><block type=\"coord_z\"></block></value>",
      "<value name=\"yaw\"><block type=\"math_number\"><field name=\"NUM\">0</field></block></value>",
      "<value name=\"pitch\"><block type=\"math_number\"><field name=\"NUM\">0</field></block></value>",
      "<value name=\"vx\"><block type=\"math_number\"><field name=\"NUM\">0</field></block></value>",
      "<value name=\"vy\"><block type=\"math_number\"><field name=\"NUM\">0</field></block></value>",
      "<value name=\"vz\"><block type=\"math_number\"><field name=\"NUM\">0</field></block></value>",
      "<value name=\"entity2\"><block type=\"entity_from_deps\"></block></value>",
      "<value name=\"nbtname\"><block type=\"text\"><field name=\"TEXT\">NBT name</field></block></value>",
      "<value name=\"nbtvalue\"><block type=\"text\"><field name=\"TEXT\">NBT value</field></block></value>"
    ],
    "inputs": [
      "x",
      "y",
      "z",
      "yaw",
      "pitch",
      "vx",
      "vy",
      "vz",
      "entity2",
      "nbtname",
      "nbtvalue"
    ],
    "fields": [
      "entity",
      "nbtcheck"
    ],
    "dependencies": [
      {
        "name": "world",
        "type": "world"
      }
    ]
  }
}