{
  "args0": [
    {
      "type": "field_data_list_selector",
      "name": "damagesource",
      "datalist": "damagesourcelist"
    },
    {
      "type": "input_value",
      "name": "sourceentity",
      "check": "Entity"
    }
  ],
  "output": "DamageSource",
  "inputsInline": true,
  "colour": 250,
  "mcreator": {
    "toolbox_id": "damagesource",
    "toolbox_init": [
      "<value name=\"sourceentity\"><block type=\"source_entity_from_deps\"></block></value>"
    ],
    "inputs": [
      "sourceentity"
    ],
    "fields": [
      "damagesource"
    ]
  }
}