{
  "args0": [
    {
      "type": "input_value",
      "name": "damagesource",
      "check": "String"
    },
    {
      "type": "input_value",
      "name": "immediateentity",
      "check": "Entity"
    },
    {
      "type": "input_value",
      "name": "sourceentity",
      "check": "Entity"
    }
  ],
  "output": "DamageSource",
  "inputsInline": true,
  "colour": 250,
  "mcreator": {
    "toolbox_id": "damagesource",
    "toolbox_init": [
      "<value name=\"damagesource\"><block type=\"text\"><field name=\"TEXT\">custom</field></block></value>",
      "<value name=\"immediateentity\"><block type=\"immediate_source_entity_from_deps\"></block></value>",
      "<value name=\"sourceentity\"><block type=\"source_entity_from_deps\"></block></value>"
    ],
    "inputs": [
      "damagesource",
      "immediateentity",
      "sourceentity"
    ]
  }
}