{
  "args0": [
    {
      "type": "input_value",
      "name": "property",
      "check": "String"
    },
    {
      "type": "input_value",
      "name": "providedblockstate",
      "check": "MCItemBlock"
    },
    {
      "type": "field_image",
      "src": "./res/b.png",
      "width": "8",
      "height": "36"
    }
  ],
  "inputsInline": true,
  "output": "Number",
  "colour": "#606999",
  "mcreator": {
    "toolbox_id": "blockdata",
    "toolbox_init": [
      "<value name=\"property\"><block type=\"text\"><field name=\"TEXT\">age</field></block></value>",
      "<value name=\"providedblockstate\"><block type=\"blockstate_from_deps\"></block></value>"
    ],
    "inputs": [
      "property",
      "providedblockstate"
    ]
  }
}