{
  "args0": [
    {
      "type": "input_value",
      "name": "entity",
      "check": "Entity"
    },
    {
      "type": "field_data_list_selector",
      "name": "color",
      "datalist": "sheep_colors"
    }
  ],
  "inputsInline": true,
  "previousStatement": null,
  "nextStatement": null,
  "colour": "#608999",
  "mcreator": {
    "toolbox_id": "entitymanagement",
    "toolbox_init": [
      "<value name=\"entity\"><block type=\"entity_from_deps\"></block></value>"
    ],
    "inputs": [
      "entity"
    ],
    "fields": [
      "color"
    ]
  }
}