{
  "args0": [
    {
      "type": "input_value",
      "name": "x",
      "check": "Number"
    },
    {
      "type": "input_value",
      "name": "y",
      "check": "Number"
    },
    {
      "type": "input_value",
      "name": "z",
      "check": "Number"
    },
    {
      "type": "field_data_list_selector",
      "name": "particle",
      "datalist": "particles",
      "customEntryProviders": "particle"
    },
    {
      "type": "input_value",
      "name": "radius",
      "check": "Number"
    },
    {
      "type": "input_value",
      "name": "spread",
      "check": "Number"
    },
    {
      "type": "input_value",
      "name": "side",
      "check": "Boolean"
    }
  ],
  "inputsInline": true,
  "previousStatement": null,
  "nextStatement": null,
  "colour": "#998060",
  "mcreator": {
    "toolbox_id": "worldmanagement",
    "toolbox_init": [
      "<value name=\"x\"><block type=\"coord_x\"></block></value>",
      "<value name=\"y\"><block type=\"coord_y\"></block></value>",
      "<value name=\"z\"><block type=\"coord_z\"></block></value>",
      "<value name=\"radius\"><block type=\"math_number\"><field name=\"NUM\">3</field></block></value>",
      "<value name=\"spread\"><block type=\"math_number\"><field name=\"NUM\">0.15</field></block></value>",
      "<value name=\"side\"><block type=\"logic_boolean\"><field name=\"BOOL\">TRUE</field></block></value>"
    ],
    "inputs": [
      "x",
      "y",
      "z",
      "radius",
      "spread",
      "side"
    ],
    "fields": [
      "particle"
    ],
    "dependencies": [
      {
        "name": "world",
        "type": "world"
      }
    ]
  }
}