{
  "_fv": 47,
  "_type": "gui",
  "definition": {
    "type": 0,
    "width": 270,
    "height": 144,
    "inventoryOffsetX": 0,
    "inventoryOffsetY": 0,
    "renderBgLayer": true,
    "doesPauseGame": false,
    "components": [
      {
        "type": "button",
        "data": {
          "name": "button_close",
          "text": "Close",
          "onClick": {
            "name": "Closemenu"
          },
          "width": 51,
          "height": 20,
          "x": 294,
          "y": 27
        }
      },
      {
        "type": "button",
        "data": {
          "name": "button_back",
          "text": "Back",
          "onClick": {
            "name": "Openpage1"
          },
          "width": 46,
          "height": 20,
          "x": 244,
          "y": 27
        }
      },
      {
        "type": "label",
        "data": {
          "name": "label_ammonia",
          "text": {
            "fixedValue": "Ammonia powder"
          },
          "color": {
            "value": -12829636,
            "falpha": 0.0
          },
          "x": 115,
          "y": 65
        }
      },
      {
        "type": "imagebutton",
        "data": {
          "name": "imagebutton_ammoniabutton",
          "image": "ammoniabutton.png",
          "hoveredImage": "selectedammoniabutton.png",
          "onClick": {
            "name": "Openbookpage5"
          },
          "x": 95,
          "y": 61
        }
      },
      {
        "type": "label",
        "data": {
          "name": "label_click_in_item_for_recipe",
          "text": {
            "fixedValue": "CLICK IN ITEM FOR RECIPE"
          },
          "color": {
            "value": -16777216,
            "falpha": 0.0
          },
          "x": 82,
          "y": 51
        }
      },
      {
        "type": "imagebutton",
        "data": {
          "name": "imagebutton_impureammoniawithslot",
          "image": "impureammoniawithslot.png",
          "hoveredImage": "selectedimpureammoniabutton.png",
          "onClick": {
            "name": "OpenBookRecipe3"
          },
          "x": 95,
          "y": 81
        }
      },
      {
        "type": "label",
        "data": {
          "name": "label_impure_ammonia",
          "text": {
            "fixedValue": "Impure Ammonia"
          },
          "color": {
            "value": -12829636,
            "falpha": 0.0
          },
          "x": 114,
          "y": 84
        }
      },
      {
        "type": "label",
        "data": {
          "name": "label_anti_latex_base",
          "text": {
            "fixedValue": "Anti Latex Base"
          },
          "color": {
            "value": -12829636,
            "falpha": 0.0
          },
          "x": 114,
          "y": 104
        }
      },
      {
        "type": "imagebutton",
        "data": {
          "name": "imagebutton_unlatexbasebutton_slot",
          "image": "unlatexbasebutton_slot.png",
          "hoveredImage": "unlatexbasebutton_slot_selected.png",
          "onClick": {
            "name": "OpenBookRecipe4"
          },
          "x": 95,
          "y": 101
        }
      },
      {
        "type": "imagebutton",
        "data": {
          "name": "imagebutton_ammoniaparticle_slot",
          "image": "ammoniaparticle_slot.png",
          "hoveredImage": "ammonia_particles_slot_selected.png",
          "onClick": {
            "name": "OpenBookRecipe2"
          },
          "x": 95,
          "y": 120
        }
      },
      {
        "type": "label",
        "data": {
          "name": "label_ammonia_particle",
          "text": {
            "fixedValue": "Ammonia Particle"
          },
          "color": {
            "value": -12829636,
            "falpha": 0.0
          },
          "x": 114,
          "y": 124
        }
      },
      {
        "type": "imagebutton",
        "data": {
          "name": "imagebutton_potiwhtlitixcamonia_slot",
          "image": "potiwhtlitixcamonia_slot.png",
          "hoveredImage": "potwithlitixcamonia_slot_selected.png",
          "onClick": {
            "name": "OpenBookRecipe"
          },
          "x": 95,
          "y": 139
        }
      },
      {
        "type": "label",
        "data": {
          "name": "label_pot_with_litixcamonia",
          "text": {
            "fixedValue": "Pot With Litix-Camonia"
          },
          "color": {
            "value": -12829636,
            "falpha": 0.0
          },
          "x": 114,
          "y": 142
        }
      },
      {
        "type": "label",
        "data": {
          "name": "label_syringe_with_litixcamonia",
          "text": {
            "fixedValue": "Syringe With Litix-Camonia"
          },
          "color": {
            "value": -12829636,
            "falpha": 0.0
          },
          "x": 114,
          "y": 162
        }
      },
      {
        "type": "imagebutton",
        "data": {
          "name": "imagebutton_syringewithlitixcamonia_slot",
          "image": "syringewithlitixcamonia_slot.png",
          "hoveredImage": "syringewithlitixcamonia_slot_selected.png",
          "onClick": {
            "name": "OpenBookRecipe5"
          },
          "x": 95,
          "y": 159
        }
      },
      {
        "type": "imagebutton",
        "data": {
          "name": "imagebutton_litixcamoniabutton",
          "image": "litixcamonia_slot.png",
          "hoveredImage": "litixcamonia_slot_selected.png",
          "onClick": {
            "name": "Openpage3"
          },
          "x": 211,
          "y": 61
        }
      },
      {
        "type": "label",
        "data": {
          "name": "label_litixcamonia",
          "text": {
            "fixedValue": "Litix-Camonia"
          },
          "color": {
            "value": -12829636,
            "falpha": 0.0
          },
          "x": 229,
          "y": 64
        }
      },
      {
        "type": "imagebutton",
        "data": {
          "name": "imagebutton_catalyzed_dna_slot",
          "image": "catalyzed_dna_slot.png",
          "hoveredImage": "catalyzer_dna_slot_selected.png",
          "onClick": {
            "name": "Openpage4"
          },
          "x": 211,
          "y": 81
        }
      },
      {
        "type": "label",
        "data": {
          "name": "label_catalyzed_dna",
          "text": {
            "fixedValue": "Catalyzed DNA"
          },
          "color": {
            "value": -12829636,
            "falpha": 0.0
          },
          "x": 229,
          "y": 84
        }
      },
      {
        "type": "imagebutton",
        "data": {
          "name": "imagebutton_laething_syringe_slot",
          "image": "laething_syringe_slot.png",
          "hoveredImage": "laething_syringe_slot_selected.png",
          "onClick": {
            "name": "OpenBookRecipe11"
          },
          "x": 211,
          "y": 100
        }
      },
      {
        "type": "label",
        "data": {
          "name": "label_laeting_syringe",
          "text": {
            "fixedValue": "Laeting Syringe"
          },
          "color": {
            "value": -12829636,
            "falpha": 0.0
          },
          "x": 229,
          "y": 103
        }
      }
    ],
    "gridSettings": {
      "sx": 18,
      "sy": 18,
      "ox": 11,
      "oy": 15,
      "snapOnGrid": false
    }
  }
}