{
  "_fv": 47,
  "_type": "gui",
  "definition": {
    "type": 0,
    "width": 145,
    "height": 144,
    "inventoryOffsetX": 0,
    "inventoryOffsetY": 0,
    "renderBgLayer": true,
    "doesPauseGame": false,
    "components": [
      {
        "type": "button",
        "data": {
          "name": "button_back",
          "text": "Back",
          "onClick": {
            "name": "Openpage2"
          },
          "width": 46,
          "height": 20,
          "x": 179,
          "y": 25
        }
      },
      {
        "type": "button",
        "data": {
          "name": "button_close",
          "text": "Close",
          "onClick": {
            "name": "Closemenu"
          },
          "width": 51,
          "height": 20,
          "x": 230,
          "y": 25
        }
      },
      {
        "type": "image",
        "data": {
          "image": "impureammoniacraft.png",
          "use1Xscale": true,
          "x": 158,
          "y": 95
        }
      },
      {
        "type": "label",
        "data": {
          "name": "label_f_flowers_or_plants",
          "text": {
            "fixedValue": "F = ANY FLOWERS OR PLANTS"
          },
          "color": {
            "value": -16777216,
            "falpha": 0.0
          },
          "x": 150,
          "y": 53
        }
      },
      {
        "type": "label",
        "data": {
          "name": "label_s_seeds",
          "text": {
            "fixedValue": "S = ANY SEEDS"
          },
          "color": {
            "value": -16777216,
            "falpha": 0.0
          },
          "x": 150,
          "y": 63
        }
      },
      {
        "type": "label",
        "data": {
          "name": "label_m_meet",
          "text": {
            "fixedValue": "M = ANY MEET"
          },
          "color": {
            "value": -16777216,
            "falpha": 0.0
          },
          "x": 150,
          "y": 73
        }
      },
      {
        "type": "label",
        "data": {
          "name": "label_m",
          "text": {
            "fixedValue": "M"
          },
          "color": {
            "value": -16777114,
            "falpha": 0.0
          },
          "x": 182,
          "y": 131
        }
      },
      {
        "type": "label",
        "data": {
          "name": "label_m1",
          "text": {
            "fixedValue": "M"
          },
          "color": {
            "value": -16777114,
            "falpha": 0.0
          },
          "x": 167,
          "y": 116
        }
      },
      {
        "type": "label",
        "data": {
          "name": "label_m2",
          "text": {
            "fixedValue": "M"
          },
          "color": {
            "value": -16777114,
            "falpha": 0.0
          },
          "x": 182,
          "y": 102
        }
      },
      {
        "type": "label",
        "data": {
          "name": "label_s",
          "text": {
            "fixedValue": "S"
          },
          "color": {
            "value": -256,
            "falpha": 0.0
          },
          "x": 182,
          "y": 116
        }
      },
      {
        "type": "label",
        "data": {
          "name": "label_3",
          "text": {
            "fixedValue": "3"
          },
          "color": {
            "value": -1,
            "falpha": 0.0
          },
          "x": 241,
          "y": 133
        }
      },
      {
        "type": "label",
        "data": {
          "name": "label_f",
          "text": {
            "fixedValue": "F"
          },
          "color": {
            "value": -16711732,
            "falpha": 0.0
          },
          "x": 167,
          "y": 131
        }
      },
      {
        "type": "label",
        "data": {
          "name": "label_f1",
          "text": {
            "fixedValue": "F"
          },
          "color": {
            "value": -16711732,
            "falpha": 0.0
          },
          "x": 168,
          "y": 102
        }
      },
      {
        "type": "label",
        "data": {
          "name": "label_f2",
          "text": {
            "fixedValue": "F"
          },
          "color": {
            "value": -16711732,
            "falpha": 0.0
          },
          "x": 197,
          "y": 102
        }
      },
      {
        "type": "label",
        "data": {
          "name": "label_f3",
          "text": {
            "fixedValue": "F"
          },
          "color": {
            "value": -16711732,
            "falpha": 0.0
          },
          "x": 197,
          "y": 131
        }
      }
    ],
    "gridSettings": {
      "sx": 18,
      "sy": 18,
      "ox": 11,
      "oy": 15,
      "snapOnGrid": false
    }
  }
}