{
  "_fv": 47,
  "_type": "gui",
  "definition": {
    "type": 0,
    "width": 179,
    "height": 166,
    "inventoryOffsetX": 0,
    "inventoryOffsetY": 0,
    "renderBgLayer": true,
    "doesPauseGame": false,
    "components": [
      {
        "type": "label",
        "data": {
          "name": "label_normaltransfur_grab_mode_o",
          "text": {
            "fixedValue": "-> Normal/Transfur Grab mod-"
          },
          "color": {
            "value": -13421773,
            "falpha": 0.0
          },
          "x": 149,
          "y": 65
        }
      },
      {
        "type": "label",
        "data": {
          "name": "label_e_only_for_player",
          "text": {
            "fixedValue": "-e (only for players)"
          },
          "color": {
            "value": -13421773,
            "falpha": 0.0
          },
          "x": 149,
          "y": 75
        }
      },
      {
        "type": "label",
        "data": {
          "name": "label_assimilation_grab_mode",
          "text": {
            "fixedValue": "-> Assimilation grab mode"
          },
          "color": {
            "value": -12829636,
            "falpha": 0.0
          },
          "x": 149,
          "y": 49
        }
      },
      {
        "type": "image",
        "data": {
          "image": "assimilation.png",
          "use1Xscale": false,
          "x": 130,
          "y": 47
        }
      },
      {
        "type": "image",
        "data": {
          "image": "grab_overlay_v2.png",
          "use1Xscale": false,
          "x": 130,
          "y": 65
        }
      },
      {
        "type": "image",
        "data": {
          "image": "friendlymodeicon.png",
          "use1Xscale": false,
          "x": 131,
          "y": 90
        }
      },
      {
        "type": "image",
        "data": {
          "image": "friendlymodeofficon.png",
          "use1Xscale": false,
          "x": 131,
          "y": 108
        }
      },
      {
        "type": "label",
        "data": {
          "name": "label_these_are_the_modes_of_friendly",
          "text": {
            "fixedValue": "-> These are the modes of Fr-"
          },
          "color": {
            "value": -13421773,
            "falpha": 0.0
          },
          "x": 147,
          "y": 92
        }
      },
      {
        "type": "label",
        "data": {
          "name": "label_friendly_modes",
          "text": {
            "fixedValue": "-iendly modes (If Human this-"
          },
          "color": {
            "value": -13421773,
            "falpha": 0.0
          },
          "x": 147,
          "y": 102
        }
      },
      {
        "type": "label",
        "data": {
          "name": "label_n_this_are_want_or_not",
          "text": {
            "fixedValue": "-are want or not Friendly Gr-"
          },
          "color": {
            "value": -13421773,
            "falpha": 0.0
          },
          "x": 147,
          "y": 113
        }
      },
      {
        "type": "label",
        "data": {
          "name": "label_ab",
          "text": {
            "fixedValue": "-ab)"
          },
          "color": {
            "value": -13421773,
            "falpha": 0.0
          },
          "x": 147,
          "y": 123
        }
      },
      {
        "type": "image",
        "data": {
          "image": "friendly_transfur_true.png",
          "use1Xscale": false,
          "x": 129,
          "y": 134
        }
      },
      {
        "type": "image",
        "data": {
          "image": "friendly_transfur_false.png",
          "use1Xscale": false,
          "x": 129,
          "y": 153
        }
      },
      {
        "type": "label",
        "data": {
          "name": "label_these_are_the_friendly_transf",
          "text": {
            "fixedValue": "-> These are the Friendly Tr-"
          },
          "color": {
            "value": -13421773,
            "falpha": 0.0
          },
          "x": 147,
          "y": 137
        }
      },
      {
        "type": "label",
        "data": {
          "name": "label_ansfur_modes",
          "text": {
            "fixedValue": "-ansfur modes (need Friendly-"
          },
          "color": {
            "value": -13421773,
            "falpha": 0.0
          },
          "x": 148,
          "y": 147
        }
      },
      {
        "type": "label",
        "data": {
          "name": "label_mode_on",
          "text": {
            "fixedValue": "-mode on) This Will change t-"
          },
          "color": {
            "value": -13421773,
            "falpha": 0.0
          },
          "x": 148,
          "y": 157
        }
      },
      {
        "type": "label",
        "data": {
          "name": "label_he_grabs_mode",
          "text": {
            "fixedValue": "-he grab modes"
          },
          "color": {
            "value": -13421773,
            "falpha": 0.0
          },
          "x": 148,
          "y": 167
        }
      },
      {
        "type": "button",
        "data": {
          "name": "button_close",
          "text": "Back",
          "onClick": {
            "name": "Openpage1"
          },
          "width": 51,
          "height": 20,
          "x": 245,
          "y": 179
        }
      },
      {
        "type": "button",
        "data": {
          "name": "button_next",
          "text": "Next",
          "onClick": {
            "name": "Openpage7"
          },
          "width": 46,
          "height": 20,
          "x": 189,
          "y": 179
        }
      }
    ],
    "gridSettings": {
      "sx": 18,
      "sy": 18,
      "ox": 11,
      "oy": 15,
      "snapOnGrid": false
    }
  }
}