{
  "_fv": 47,
  "_type": "gui",
  "definition": {
    "type": 0,
    "width": 270,
    "height": 144,
    "inventoryOffsetX": 0,
    "inventoryOffsetY": 0,
    "renderBgLayer": true,
    "doesPauseGame": false,
    "components": [
      {
        "type": "button",
        "data": {
          "name": "button_back",
          "text": "Back",
          "onClick": {
            "name": "Openpage2"
          },
          "width": 46,
          "height": 20,
          "x": 243,
          "y": 27
        }
      },
      {
        "type": "button",
        "data": {
          "name": "button_close",
          "text": "Close",
          "onClick": {
            "name": "Closemenu"
          },
          "width": 51,
          "height": 20,
          "x": 294,
          "y": 27
        }
      },
      {
        "type": "image",
        "data": {
          "image": "unifuserscreen.png",
          "use1Xscale": false,
          "x": 113,
          "y": 71
        }
      },
      {
        "type": "imagebutton",
        "data": {
          "name": "imagebutton_recipe_buttom_normal",
          "image": "recipe_buttom_normal.png",
          "hoveredImage": "recipe_buttom_selected.png",
          "x": 201,
          "y": 154
        }
      },
      {
        "type": "label",
        "data": {
          "name": "label_unifuser",
          "text": {
            "fixedValue": "Unifuser"
          },
          "color": {
            "value": -16777216,
            "falpha": 0.0
          },
          "x": 124,
          "y": 83
        }
      },
      {
        "type": "label",
        "data": {
          "name": "label_pany_potion",
          "text": {
            "fixedValue": "L= ANY LATEX OR BLOOD SYRINGE"
          },
          "color": {
            "value": -256,
            "falpha": 0.0
          },
          "x": 86,
          "y": 57
        }
      },
      {
        "type": "label",
        "data": {
          "name": "label_p",
          "text": {
            "fixedValue": "L"
          },
          "color": {
            "value": -256,
            "falpha": 0.0
          },
          "x": 169,
          "y": 131
        }
      },
      {
        "type": "image",
        "data": {
          "image": "laething_white_slot.png",
          "use1Xscale": false,
          "x": 128,
          "y": 116
        }
      },
      {
        "type": "label",
        "data": {
          "name": "label_g_any_gooey_item",
          "text": {
            "fixedValue": "G = Any Gooey Item"
          },
          "color": {
            "value": -12829636,
            "falpha": 0.0
          },
          "x": 247,
          "y": 57
        }
      },
      {
        "type": "label",
        "data": {
          "name": "label_g",
          "text": {
            "fixedValue": "G"
          },
          "color": {
            "value": -12829636,
            "falpha": 0.0
          },
          "x": 133,
          "y": 145
        }
      },
      {
        "type": "image",
        "data": {
          "image": "laething_syringe_slot.png",
          "use1Xscale": false,
          "x": 268,
          "y": 128
        }
      }
    ],
    "gridSettings": {
      "sx": 18,
      "sy": 18,
      "ox": 11,
      "oy": 15,
      "snapOnGrid": false
    }
  }
}