{
  "_fv": 47,
  "_type": "gui",
  "definition": {
    "type": 0,
    "width": 200,
    "height": 90,
    "inventoryOffsetX": 0,
    "inventoryOffsetY": 0,
    "renderBgLayer": true,
    "doesPauseGame": false,
    "components": [
      {
        "type": "button",
        "data": {
          "name": "button_close",
          "text": "Close",
          "onClick": {
            "name": "Closemenu"
          },
          "width": 51,
          "height": 20,
          "x": 260,
          "y": 170
        }
      },
      {
        "type": "button",
        "data": {
          "name": "button_changed_addon_recipes",
          "text": "Changed Addon Recipes",
          "onClick": {
            "name": "Openpage2"
          },
          "width": 134,
          "height": 20,
          "x": 147,
          "y": 107
        }
      },
      {
        "type": "tooltip",
        "data": {
          "name": "tooltip_show_the_recipes_of_changed_addo3",
          "text": {
            "fixedValue": "Show The Recipes Of Changed Addon Mod"
          },
          "width": 24,
          "height": 24,
          "x": 118,
          "y": 105
        }
      },
      {
        "type": "label",
        "data": {
          "name": "label_empty",
          "text": {
            "fixedValue": "?"
          },
          "color": {
            "value": -16777216,
            "falpha": 0.0
          },
          "x": 128,
          "y": 111
        }
      }
    ],
    "gridSettings": {
      "sx": 19,
      "sy": 18,
      "ox": 11,
      "oy": 15,
      "snapOnGrid": false
    }
  }
}