{
  "_fv": 47,
  "_type": "gui",
  "definition": {
    "type": 0,
    "width": 270,
    "height": 144,
    "inventoryOffsetX": 0,
    "inventoryOffsetY": 0,
    "renderBgLayer": true,
    "doesPauseGame": false,
    "components": [
      {
        "type": "button",
        "data": {
          "name": "button_back",
          "text": "Back",
          "onClick": {
            "name": "Openpage2"
          },
          "width": 46,
          "height": 20,
          "x": 243,
          "y": 27
        }
      },
      {
        "type": "button",
        "data": {
          "name": "button_close",
          "text": "Close",
          "onClick": {
            "name": "Closemenu"
          },
          "width": 51,
          "height": 20,
          "x": 294,
          "y": 27
        }
      },
      {
        "type": "image",
        "data": {
          "image": "catalyzer_screen.png",
          "use1Xscale": false,
          "x": 113,
          "y": 81
        }
      },
      {
        "type": "image",
        "data": {
          "image": "ammoniabutton.png",
          "use1Xscale": false,
          "x": 266,
          "y": 125
        }
      },
      {
        "type": "imagebutton",
        "data": {
          "name": "imagebutton_recipe_buttom_normal",
          "image": "recipe_buttom_normal.png",
          "hoveredImage": "recipe_buttom_selected.png",
          "x": 204,
          "y": 145
        }
      },
      {
        "type": "label",
        "data": {
          "name": "label_catalyzer",
          "text": {
            "fixedValue": "Catalyzer"
          },
          "color": {
            "value": -16777216,
            "falpha": 0.0
          },
          "x": 123,
          "y": 91
        }
      },
      {
        "type": "image",
        "data": {
          "image": "ammonia_compressed_icon.png",
          "use1Xscale": false,
          "x": 136,
          "y": 125
        }
      }
    ],
    "gridSettings": {
      "sx": 18,
      "sy": 18,
      "ox": 11,
      "oy": 15,
      "snapOnGrid": false
    }
  }
}