{
  "_fv": 47,
  "_type": "gui",
  "definition": {
    "type": 0,
    "width": 270,
    "height": 144,
    "inventoryOffsetX": 0,
    "inventoryOffsetY": 0,
    "renderBgLayer": true,
    "doesPauseGame": false,
    "components": [
      {
        "type": "button",
        "data": {
          "name": "button_close",
          "text": "Close",
          "onClick": {
            "name": "Closemenu"
          },
          "width": 51,
          "height": 20,
          "x": 294,
          "y": 27
        }
      },
      {
        "type": "button",
        "data": {
          "name": "button_back",
          "text": "Back",
          "onClick": {
            "name": "Openpage2"
          },
          "width": 46,
          "height": 20,
          "x": 244,
          "y": 27
        }
      },
      {
        "type": "image",
        "data": {
          "image": "catalyzer_screen.png",
          "use1Xscale": false,
          "x": 113,
          "y": 79
        }
      },
      {
        "type": "label",
        "data": {
          "name": "label_n_any_latex_or_blood_syringe",
          "text": {
            "fixedValue": "N = ANY LATEX OR BLOOD SYRINGE"
          },
          "color": {
            "value": -16777216,
            "falpha": 0.0
          },
          "x": 96,
          "y": 60
        }
      },
      {
        "type": "label",
        "data": {
          "name": "label_n",
          "text": {
            "fixedValue": "N"
          },
          "color": {
            "value": -16729089,
            "falpha": 0.0
          },
          "x": 141,
          "y": 126
        }
      },
      {
        "type": "image",
        "data": {
          "image": "catalyzed_dna_slot.png",
          "use1Xscale": false,
          "x": 266,
          "y": 123
        }
      },
      {
        "type": "imagebutton",
        "data": {
          "name": "imagebutton_recipe_buttom_normal",
          "image": "recipe_buttom_normal.png",
          "hoveredImage": "recipe_buttom_selected.png",
          "x": 202,
          "y": 143
        }
      },
      {
        "type": "label",
        "data": {
          "name": "label_catalyzer",
          "text": {
            "fixedValue": "Catalyzer"
          },
          "color": {
            "value": -16777216,
            "falpha": 0.0
          },
          "x": 125,
          "y": 89
        }
      }
    ],
    "gridSettings": {
      "sx": 18,
      "sy": 18,
      "ox": 11,
      "oy": 15,
      "snapOnGrid": false
    }
  }
}