{
  "_fv": 47,
  "_type": "gui",
  "definition": {
    "type": 0,
    "width": 270,
    "height": 144,
    "inventoryOffsetX": 0,
    "inventoryOffsetY": 0,
    "renderBgLayer": true,
    "doesPauseGame": false,
    "components": [
      {
        "type": "button",
        "data": {
          "name": "button_back",
          "text": "Back",
          "onClick": {
            "name": "Openpage2"
          },
          "width": 46,
          "height": 20,
          "x": 244,
          "y": 26
        }
      },
      {
        "type": "label",
        "data": {
          "name": "label_unifuser",
          "text": {
            "fixedValue": "Unifuser"
          },
          "color": {
            "value": -12829636,
            "falpha": 0.0
          },
          "x": 124,
          "y": 78
        }
      },
      {
        "type": "image",
        "data": {
          "image": "unifuserscreen.png",
          "use1Xscale": false,
          "x": 114,
          "y": 68
        }
      },
      {
        "type": "image",
        "data": {
          "image": "litixcamonia_slot.png",
          "use1Xscale": false,
          "x": 269,
          "y": 125
        }
      },
      {
        "type": "image",
        "data": {
          "image": "unlatexbasebutton_slot.png",
          "use1Xscale": false,
          "x": 129,
          "y": 138
        }
      },
      {
        "type": "image",
        "data": {
          "image": "ammoniabutton.png",
          "use1Xscale": false,
          "x": 129,
          "y": 113
        }
      },
      {
        "type": "button",
        "data": {
          "name": "button_close",
          "text": "Close",
          "onClick": {
            "name": "Closemenu"
          },
          "width": 51,
          "height": 20,
          "x": 294,
          "y": 26
        }
      },
      {
        "type": "imagebutton",
        "data": {
          "name": "imagebutton_recipe_buttom_normal",
          "image": "recipe_buttom_normal.png",
          "hoveredImage": "recipe_buttom_selected.png",
          "x": 210,
          "y": 148
        }
      },
      {
        "type": "label",
        "data": {
          "name": "label_or",
          "text": {
            "fixedValue": "OR"
          },
          "color": {
            "value": -12829636,
            "falpha": 0.0
          },
          "x": 149,
          "y": 98
        }
      },
      {
        "type": "image",
        "data": {
          "image": "litixcamonia_slot.png",
          "use1Xscale": false,
          "x": 164,
          "y": 84
        }
      },
      {
        "type": "image",
        "data": {
          "image": "laething_white_slot.png",
          "use1Xscale": false,
          "x": 164,
          "y": 104
        }
      }
    ],
    "gridSettings": {
      "sx": 18,
      "sy": 18,
      "ox": 11,
      "oy": 15,
      "snapOnGrid": false
    }
  }
}