{
  "_fv": 47,
  "_type": "gui",
  "definition": {
    "type": 0,
    "width": 179,
    "height": 166,
    "inventoryOffsetX": 0,
    "inventoryOffsetY": 0,
    "renderBgLayer": true,
    "doesPauseGame": false,
    "components": [
      {
        "type": "label",
        "data": {
          "name": "label_normaltransfur_grab_mode_o",
          "text": {
            "fixedValue": "-> Those are Organic Friendl-"
          },
          "color": {
            "value": -13421773,
            "falpha": 0.0
          },
          "x": 149,
          "y": 73
        }
      },
      {
        "type": "label",
        "data": {
          "name": "label_e_only_for_player",
          "text": {
            "fixedValue": "-y modes"
          },
          "color": {
            "value": -13421773,
            "falpha": 0.0
          },
          "x": 149,
          "y": 84
        }
      },
      {
        "type": "label",
        "data": {
          "name": "label_assimilation_grab_mode",
          "text": {
            "fixedValue": "-> Organic/cant Grab"
          },
          "color": {
            "value": -12829636,
            "falpha": 0.0
          },
          "x": 149,
          "y": 49
        }
      },
      {
        "type": "image",
        "data": {
          "image": "organic_form_overlay.png",
          "use1Xscale": false,
          "x": 130,
          "y": 43
        }
      },
      {
        "type": "image",
        "data": {
          "image": "organic_friendly_mode_off_v2.png",
          "use1Xscale": false,
          "x": 130,
          "y": 65
        }
      },
      {
        "type": "image",
        "data": {
          "image": "organic_friendly_mode_on_v2.png",
          "use1Xscale": false,
          "x": 130,
          "y": 83
        }
      },
      {
        "type": "button",
        "data": {
          "name": "button_close",
          "text": "Back",
          "onClick": {
            "name": "Openpage6"
          },
          "width": 51,
          "height": 20,
          "x": 245,
          "y": 179
        }
      },
      {
        "type": "label",
        "data": {
          "name": "label_default_off",
          "text": {
            "fixedValue": "(Default off)"
          },
          "color": {
            "value": -16777216,
            "falpha": 0.0
          },
          "x": 131,
          "y": 111
        }
      },
      {
        "type": "label",
        "data": {
          "name": "label_humans_overlay",
          "text": {
            "fixedValue": "Humans overlay"
          },
          "color": {
            "value": -16724788,
            "falpha": 0.0
          },
          "x": 130,
          "y": 124
        }
      },
      {
        "type": "label",
        "data": {
          "name": "label_organiccant_grab",
          "text": {
            "fixedValue": "Organic/Cant Grab"
          },
          "color": {
            "value": -10667514,
            "falpha": 0.0
          },
          "x": 129,
          "y": 135
        }
      },
      {
        "type": "label",
        "data": {
          "name": "label_all_overlays_can_be_turned_on_by",
          "text": {
            "fixedValue": "All overlays can be turned on by "
          },
          "color": {
            "value": -15789313,
            "falpha": 0.0
          },
          "x": 129,
          "y": 155
        }
      },
      {
        "type": "label",
        "data": {
          "name": "label_a_command",
          "text": {
            "fixedValue": "A changed_addon Command"
          },
          "color": {
            "value": -15789313,
            "falpha": 0.0
          },
          "x": 129,
          "y": 166
        }
      }
    ],
    "gridSettings": {
      "sx": 18,
      "sy": 18,
      "ox": 11,
      "oy": 15,
      "snapOnGrid": false
    }
  }
}