{
  "_fv": 47,
  "_type": "recipe",
  "definition": {
    "recipeType": "Crafting",
    "recipeRetstackSize": 1,
    "group": "",
    "cookingBookCategory": "MISC",
    "xpReward": 0.0,
    "cookingTime": 200,
    "craftingBookCategory": "MISC",
    "recipeShapeless": false,
    "recipeSlots": [
      {
        "value": "Blocks.STONE_BUTTON"
      },
      {
        "value": "Blocks.GLASS_PANE"
      },
      {
        "value": "Blocks.STONE_BUTTON"
      },
      {
        "value": "Items.IRON_INGOT"
      },
      {
        "value": "TAG:changed_addon:syringes"
      },
      {
        "value": "Items.IRON_INGOT"
      },
      {
        "value": "Items.REDSTONE"
      },
      {
        "value": "Blocks.IRON_BLOCK"
      },
      {
        "value": "Items.REDSTONE"
      }
    ],
    "recipeReturnStack": {
      "value": "CUSTOM:Catlyzer"
    },
    "name": "catlyzerrecipe",
    "namespace": "mod"
  }
}