{
  "_fv": 47,
  "_type": "gui",
  "definition": {
    "type": 1,
    "width": 200,
    "height": 170,
    "inventoryOffsetX": 0,
    "inventoryOffsetY": 2,
    "renderBgLayer": true,
    "doesPauseGame": false,
    "components": [
      {
        "type": "inputslot",
        "data": {
          "inputLimit": {
            "value": ""
          },
          "disablePlacement": {
            "fixedValue": false
          },
          "id": 0,
          "disablePickup": {
            "fixedValue": false
          },
          "dropItemsWhenNotBound": true,
          "x": 136,
          "y": 78
        }
      },
      {
        "type": "label",
        "data": {
          "name": "label_proc_catlyzergui_value",
          "text": {
            "fixedValue": "",
            "name": "CatlyzerguiValue"
          },
          "color": {
            "value": -12829636,
            "falpha": 0.0
          },
          "x": 120,
          "y": 43
        }
      },
      {
        "type": "outputslot",
        "data": {
          "id": 1,
          "disablePickup": {
            "fixedValue": false
          },
          "dropItemsWhenNotBound": true,
          "x": 266,
          "y": 78
        }
      },
      {
        "type": "label",
        "data": {
          "name": "label_proc_blockstartinfo",
          "text": {
            "fixedValue": "",
            "name": "Blockstartinfo"
          },
          "color": {
            "value": -12829636,
            "falpha": 0.0
          },
          "x": 120,
          "y": 55
        }
      },
      {
        "type": "label",
        "data": {
          "name": "label_full",
          "text": {
            "fixedValue": "Full"
          },
          "color": {
            "value": -12829636,
            "falpha": 0.0
          },
          "displayCondition": {
            "name": "IfBlockisfull"
          },
          "x": 265,
          "y": 100
        }
      },
      {
        "type": "image",
        "data": {
          "image": "unifuserextragui.png",
          "use1Xscale": false,
          "displayCondition": {
            "name": "IfShowUnifuserRecipes"
          },
          "x": 2,
          "y": 28
        }
      },
      {
        "type": "image",
        "data": {
          "image": "catalyzeddna_recipe.png",
          "use1Xscale": true,
          "displayCondition": {
            "name": "IfShowCatlyzerRecipePage1"
          },
          "x": 6,
          "y": 35
        }
      },
      {
        "type": "imagebutton",
        "data": {
          "name": "imagebutton_knowledge_book",
          "image": "recipe_buttom_normal.png",
          "hoveredImage": "recipe_buttom_selected.png",
          "onClick": {
            "name": "ShowUnifuserRecipes"
          },
          "x": 203,
          "y": 100
        }
      },
      {
        "type": "image",
        "data": {
          "image": "ammoniapowderrecipe.png",
          "use1Xscale": true,
          "displayCondition": {
            "name": "IfShowCatlyzerRecipePage1"
          },
          "x": 6,
          "y": 82
        }
      },
      {
        "type": "image",
        "data": {
          "image": "ammoniarecipe.png",
          "use1Xscale": true,
          "displayCondition": {
            "name": "IfShowCatlyzerRecipePage1"
          },
          "x": 6,
          "y": 129
        }
      },
      {
        "type": "image",
        "data": {
          "image": "catlyzergui_new.png",
          "use1Xscale": false,
          "x": 113,
          "y": 35
        }
      },
      {
        "type": "image",
        "data": {
          "image": "bar_0_percent.png",
          "use1Xscale": true,
          "displayCondition": {
            "name": "Show0porcentbar"
          },
          "x": 197,
          "y": 72
        }
      },
      {
        "type": "image",
        "data": {
          "image": "bar_10_percent.png",
          "use1Xscale": true,
          "displayCondition": {
            "name": "Show10porcentbar"
          },
          "x": 197,
          "y": 72
        }
      },
      {
        "type": "image",
        "data": {
          "image": "bar_25_percent.png",
          "use1Xscale": true,
          "displayCondition": {
            "name": "Show25porcentbar"
          },
          "x": 197,
          "y": 72
        }
      },
      {
        "type": "image",
        "data": {
          "image": "bar_25_percent.png",
          "use1Xscale": true,
          "displayCondition": {
            "name": "Show25porcentbar"
          },
          "x": 197,
          "y": 72
        }
      },
      {
        "type": "image",
        "data": {
          "image": "bar_50_percent.png",
          "use1Xscale": true,
          "displayCondition": {
            "name": "Show50porcentbar"
          },
          "x": 197,
          "y": 72
        }
      },
      {
        "type": "image",
        "data": {
          "image": "bar_75_percent.png",
          "use1Xscale": true,
          "displayCondition": {
            "name": "Show75porcentbar"
          },
          "x": 197,
          "y": 72
        }
      },
      {
        "type": "image",
        "data": {
          "image": "bar_90_percent.png",
          "use1Xscale": true,
          "displayCondition": {
            "name": "Show90porcentbar"
          },
          "x": 197,
          "y": 72
        }
      },
      {
        "type": "image",
        "data": {
          "image": "barr_full.png",
          "use1Xscale": true,
          "displayCondition": {
            "name": "Showfullbar"
          },
          "x": 197,
          "y": 72
        }
      },
      {
        "type": "label",
        "data": {
          "name": "label_proc_recipe_progress",
          "text": {
            "fixedValue": "",
            "name": "RecipeProgress"
          },
          "color": {
            "value": -12829636,
            "falpha": 0.0
          },
          "x": 204,
          "y": 69
        }
      },
      {
        "type": "image",
        "data": {
          "image": "dusts.png",
          "use1Xscale": false,
          "x": 137,
          "y": 80
        }
      },
      {
        "type": "imagebutton",
        "data": {
          "name": "imagebutton_20221106_142902",
          "image": "ammoniabutton.png",
          "hoveredImage": "selectedammoniabutton.png",
          "onClick": {
            "name": "Openbookpage5"
          },
          "displayCondition": {
            "name": "IfShowCatlyzerRecipePage1"
          },
          "x": 9,
          "y": 187
        }
      },
      {
        "type": "imagebutton",
        "data": {
          "name": "imagebutton_impureammoniawithslot",
          "image": "ammoniaparticle_slot.png",
          "hoveredImage": "ammonia_particles_slot_selected.png",
          "onClick": {
            "name": "OpenBookRecipe2"
          },
          "displayCondition": {
            "name": "IfShowCatlyzerRecipePage1"
          },
          "x": 33,
          "y": 187
        }
      },
      {
        "type": "imagebutton",
        "data": {
          "name": "imagebutton_catalyzed_dna_slot",
          "image": "catalyzed_dna_slot.png",
          "hoveredImage": "catalyzer_dna_slot_selected.png",
          "onClick": {
            "name": "Openpage4"
          },
          "displayCondition": {
            "name": "IfShowCatlyzerRecipePage1"
          },
          "x": 57,
          "y": 187
        }
      },
      {
        "type": "tooltip",
        "data": {
          "name": "tooltip_display_recipe_of_syringe_with_c",
          "text": {
            "fixedValue": "Display Recipe of Syringe with Catalyzed DNA"
          },
          "displayCondition": {
            "name": "IfShowCatlyzerRecipePage1"
          },
          "width": 24,
          "height": 24,
          "x": 53,
          "y": 182
        }
      },
      {
        "type": "tooltip",
        "data": {
          "name": "tooltip_display_recipe_of_ammonia_partic",
          "text": {
            "fixedValue": "Display Recipe of Ammonia Particles"
          },
          "displayCondition": {
            "name": "IfShowCatlyzerRecipePage1"
          },
          "width": 24,
          "height": 24,
          "x": 29,
          "y": 182
        }
      },
      {
        "type": "tooltip",
        "data": {
          "name": "tooltip_display_recipe_of_ammonia_powder",
          "text": {
            "fixedValue": "Display Recipe Of Ammonia Powder"
          },
          "displayCondition": {
            "name": "IfShowCatlyzerRecipePage1"
          },
          "width": 24,
          "height": 24,
          "x": 5,
          "y": 182
        }
      },
      {
        "type": "tooltip",
        "data": {
          "name": "tooltip_put_the_powders_or_syringe",
          "text": {
            "fixedValue": "Put The Powders or Syringe"
          },
          "displayCondition": {
            "name": "IfisEmpty"
          },
          "width": 24,
          "height": 24,
          "x": 132,
          "y": 75
        }
      },
      {
        "type": "tooltip",
        "data": {
          "name": "tooltip_display_recipes",
          "text": {
            "fixedValue": "Display Recipes"
          },
          "width": 24,
          "height": 24,
          "x": 201,
          "y": 96
        }
      }
    ],
    "gridSettings": {
      "sx": 30,
      "sy": 27,
      "ox": 30,
      "oy": 25,
      "snapOnGrid": false
    }
  }
}