{
  "_fv": 47,
  "_type": "command",
  "definition": {
    "commandName": "changed-addon-admin",
    "permissionLevel": "2",
    "argsxml": "<xml xmlns=\"https://developers.google.com/blockly/xml\"><block type=\"args_start\" deletable=\"false\" x=\"40\" y=\"40\"><next><block type=\"literal\"><field name=\"name\">allow_boss_transfur</field><statement name=\"args\"><block type=\"literal\"><field name=\"name\">Ket_Exp_009</field><statement name=\"args\"><block type=\"literal\"><field name=\"name\">get</field><statement name=\"args\"><block type=\"entity\"><field name=\"name\">player</field><field name=\"type\">player</field><statement name=\"args\"><block type=\"call_procedure\"><field name=\"procedure\">GetBossPerm</field></block></statement></block></statement><next><block type=\"literal\"><field name=\"name\">set</field><statement name=\"args\"><block type=\"entity\"><field name=\"name\">target</field><field name=\"type\">player</field><statement name=\"args\"><block type=\"logic\"><field name=\"name\">set</field><statement name=\"args\"><block type=\"call_procedure\"><field name=\"procedure\">SetBossPerm</field></block></statement></block></statement></block></statement></block></next></block></statement></block></statement><next><block type=\"literal\"><field name=\"name\">SetTransfurProgress</field><statement name=\"args\"><block type=\"number_default\"><field name=\"name\">Number</field><statement name=\"args\"><block type=\"literal\"><field name=\"name\">add</field><statement name=\"args\"><block type=\"call_procedure\"><field name=\"procedure\">AddTransfurProgressCommand</field></block></statement><next><block type=\"literal\"><field name=\"name\">set</field><statement name=\"args\"><block type=\"call_procedure\"><field name=\"procedure\">SetTransfurProgressCommand</field></block></statement></block></next></block></statement></block></statement><next><block type=\"literal\"><field name=\"name\">SetPlayerTransfurProgress</field><statement name=\"args\"><block type=\"entity\"><field name=\"name\">Target</field><field name=\"type\">player</field><statement name=\"args\"><block type=\"number_default\"><field name=\"name\">Number</field><statement name=\"args\"><block type=\"literal\"><field name=\"name\">add</field><statement name=\"args\"><block type=\"call_procedure\"><field name=\"procedure\">AddPlayerTransfurProgress</field></block></statement><next><block type=\"literal\"><field name=\"name\">set</field><statement name=\"args\"><block type=\"call_procedure\"><field name=\"procedure\">SetPlayerTransfurProgressCommand</field></block></statement></block></next></block></statement></block></statement></block></statement><next><block type=\"literal\"><field name=\"name\">SetMaxTransfurTolerance</field><statement name=\"args\"><block type=\"number_min\"><field name=\"name\">MaxNumber</field><field name=\"min\">0.1</field><statement name=\"args\"><block type=\"call_procedure\"><field name=\"procedure\">SetmaxTransfurTolerance</field></block></statement><next><block type=\"literal\"><field name=\"name\">Default</field><statement name=\"args\"><block type=\"call_procedure\"><field name=\"procedure\">SetDefaultValue</field></block></statement></block></next></block></statement><next><block type=\"literal\"><field name=\"name\">GetMaxTransfurTolerance</field><statement name=\"args\"><block type=\"call_procedure\"><field name=\"procedure\">GetmaxTransfurTolerance</field></block></statement></block></next></block></next></block></next></block></next></block></next></block><block type=\"literal\" x=\"522\" y=\"38\"><field name=\"name\">setCustomSize</field><statement name=\"args\"><block type=\"number_default\"><field name=\"name\">Scale</field><statement name=\"args\"><block type=\"call_procedure\"><field name=\"procedure\">SetCustomScale</field></block></statement></block></statement></block><block type=\"literal\" x=\"886\" y=\"125\"><field name=\"name\">SetPlayerTransfurProgressVariant</field><statement name=\"args\"><block type=\"entity\"><field name=\"name\">player</field><field name=\"type\">player</field><statement name=\"args\"><block type=\"message\"><field name=\"name\">form</field><statement name=\"args\"><block type=\"call_procedure\"><field name=\"procedure\">SetPlayerTransfurProgressVariant</field></block></statement></block></statement></block></statement></block><block type=\"entity\" x=\"439\" y=\"267\"><field name=\"name\">target</field><field name=\"type\">players</field><statement name=\"args\"><block type=\"logic\"><field name=\"name\">set</field><statement name=\"args\"><block type=\"call_procedure\"><field name=\"procedure\">SetMultBossPerm</field></block></statement></block></statement></block></xml>"
  }
}