{
  "_fv": 47,
  "_type": "achievement",
  "definition": {
    "achievementName": "Compressed!!",
    "achievementDescription": "You craft a Ammonia Compressed",
    "achievementIcon": {
      "value": "CUSTOM:AmmoniaCompressed"
    },
    "background": "Default",
    "disableDisplay": false,
    "showPopup": true,
    "announceToChat": false,
    "hideIfNotCompleted": true,
    "rewardLoot": [],
    "rewardRecipes": [],
    "rewardFunction": "No function",
    "rewardXP": 0,
    "achievementType": "task",
    "parent": {
      "value": "CUSTOM:Ammoniapoweradvancement"
    },
    "triggerxml": "<xml xmlns=\"https://developers.google.com/blockly/xml\"><block type=\"custom_trigger\" x=\"56\" y=\"49\"><next><block type=\"advancement_trigger\" deletable=\"false\"></block></next></block></xml>"
  }
}