{
  "_fv": 47,
  "_type": "procedure",
  "definition": {
    "procedurexml": "<xml xmlns=\"https://developers.google.com/blockly/xml\"><block type=\"event_trigger\" deletable=\"false\" x=\"31\" y=\"59\"><field name=\"trigger\">no_ext_trigger</field><next><block type=\"controls_if\"><value name=\"IF0\"><block type=\"logic_negate\"><value name=\"BOOL\"><block type=\"logic_binary_ops\" inline=\"false\"><field name=\"OP\">OR</field><value name=\"A\"><block type=\"logic_entity_compare\"><field name=\"entity\">EntityItem</field><value name=\"compareTo\"><block type=\"entity_from_deps\"></block></value></block></value><value name=\"B\"><block type=\"logic_binary_ops\" inline=\"false\"><field name=\"OP\">OR</field><value name=\"A\"><block type=\"logic_entity_compare\"><field name=\"entity\">EntityArmorStand</field><value name=\"compareTo\"><block type=\"entity_from_deps\"></block></value></block></value><value name=\"B\"><block type=\"logic_binary_ops\" inline=\"false\"><field name=\"OP\">OR</field><value name=\"A\"><block type=\"logic_entity_compare\"><field name=\"entity\">EntityItemFrame</field><value name=\"compareTo\"><block type=\"entity_from_deps\"></block></value></block></value><value name=\"B\"><block type=\"logic_binary_ops\" inline=\"false\"><field name=\"OP\">OR</field><value name=\"A\"><block type=\"logic_entity_compare\"><field name=\"entity\">EntityGlowItemFrame</field><value name=\"compareTo\"><block type=\"entity_from_deps\"></block></value></block></value><value name=\"B\"><block type=\"logic_binary_ops\" inline=\"false\"><field name=\"OP\">OR</field><value name=\"A\"><block type=\"logic_entity_compare\"><field name=\"entity\">EntityExpBottle</field><value name=\"compareTo\"><block type=\"entity_from_deps\"></block></value></block></value><value name=\"B\"><block type=\"logic_entity_compare\"><field name=\"entity\">EntityXPOrb</field><value name=\"compareTo\"><block type=\"entity_from_deps\"></block></value></block></value></block></value></block></value></block></value></block></value></block></value></block></value><statement name=\"DO0\"><block type=\"controls_if\"><value name=\"IF0\"><block type=\"logic_negate\"><value name=\"BOOL\"><block type=\"text_contains\"><value name=\"text\"><block type=\"entity_registry_name\"><value name=\"entity\"><block type=\"entity_from_deps\"></block></value></block></value><value name=\"contains\"><block type=\"text\"><field name=\"TEXT\">dark_latex</field></block></value></block></value></block></value><statement name=\"DO0\"><block type=\"controls_if\"><value name=\"IF0\"><block type=\"logic_binary_ops\" inline=\"false\"><field name=\"OP\">AND</field><value name=\"A\"><block type=\"logic_negate\"><value name=\"BOOL\"><block type=\"text_contains\"><value name=\"text\"><block type=\"variables_get_string\"><mutation xmlns=\"http://www.w3.org/1999/xhtml\" is_player_var=\"true\" has_entity=\"true\"></mutation><field name=\"VAR\">global:LatexForm</field><value name=\"entity\"><block type=\"entity_from_deps\"></block></value></block></value><value name=\"contains\"><block type=\"text\"><field name=\"TEXT\">dark_latex</field></block></value></block></value></block></value><value name=\"B\"><block type=\"logic_negate\"><value name=\"BOOL\"><block type=\"text_contains\"><value name=\"text\"><block type=\"variables_get_string\"><mutation xmlns=\"http://www.w3.org/1999/xhtml\" is_player_var=\"true\" has_entity=\"true\"></mutation><field name=\"VAR\">global:LatexForm</field><value name=\"entity\"><block type=\"entity_from_deps\"></block></value></block></value><value name=\"contains\"><block type=\"text\"><field name=\"TEXT\">puro_kind</field></block></value></block></value></block></value></block></value><statement name=\"DO0\"><block type=\"controls_if\"><value name=\"IF0\"><block type=\"math_binary_ops\"><field name=\"OP\">LTE</field><value name=\"A\"><block type=\"block_nbt_num_get\"><value name=\"tagName\"><block type=\"text\"><field name=\"TEXT\">cooldown</field></block></value><value name=\"x\"><block type=\"coord_x\"></block></value><value name=\"y\"><block type=\"coord_y\"></block></value><value name=\"z\"><block type=\"coord_z\"></block></value></block></value><value name=\"B\"><block type=\"math_number\"><field name=\"NUM\">0</field></block></value></block></value><statement name=\"DO0\"><block type=\"execute_command\"><value name=\"command\"><block type=\"text_join\"><mutation items=\"8\"></mutation><value name=\"ADD0\"><block type=\"text\"><field name=\"TEXT\">playsound </field></block></value><value name=\"ADD1\"><block type=\"text\"><field name=\"TEXT\">changed_addon:warn </field></block></value><value name=\"ADD2\"><block type=\"text\"><field name=\"TEXT\">block </field></block></value><value name=\"ADD3\"><block type=\"text\"><field name=\"TEXT\">@a[nbt={ForgeCaps:{\"changed_addon:player_variables\":{aredarklatex:1b}}}] </field></block></value><value name=\"ADD4\"><block type=\"text\"><field name=\"TEXT\">~ ~ ~ </field></block></value><value name=\"ADD5\"><block type=\"math_number\"><field name=\"NUM\">20</field></block></value><value name=\"ADD6\"><block type=\"math_number\"><field name=\"NUM\">0</field></block></value><value name=\"ADD7\"><block type=\"math_number\"><field name=\"NUM\">1</field></block></value></block></value><value name=\"x\"><block type=\"coord_x\"></block></value><value name=\"y\"><block type=\"coord_y\"></block></value><value name=\"z\"><block type=\"coord_z\"></block></value><next><block type=\"block_nbt_num_set\"><value name=\"tagName\"><block type=\"text\"><field name=\"TEXT\">cooldown</field></block></value><value name=\"x\"><block type=\"coord_x\"></block></value><value name=\"y\"><block type=\"coord_y\"></block></value><value name=\"z\"><block type=\"coord_z\"></block></value><value name=\"tagValue\"><block type=\"math_number\"><field name=\"NUM\">10</field></block></value></block></next></block></statement></block></statement></block></statement></block></statement><next><block type=\"world_entity_inrange_foreach\"><value name=\"_placeholder\"><block type=\"entity_iterator\"></block></value><value name=\"x\"><block type=\"coord_x\"></block></value><value name=\"y\"><block type=\"coord_y\"></block></value><value name=\"z\"><block type=\"coord_z\"></block></value><value name=\"range\"><block type=\"math_number\"><field name=\"NUM\">20</field></block></value><statement name=\"foreach\"><block type=\"controls_if\"><value name=\"IF0\"><block type=\"logic_negate\"><value name=\"BOOL\"><block type=\"compare_entities\"><value name=\"a\"><block type=\"entity_iterator\"></block></value><value name=\"b\"><block type=\"entity_from_deps\"></block></value></block></value></block></value><statement name=\"DO0\"><block type=\"controls_if\"><value name=\"IF0\"><block type=\"logic_negate\"><value name=\"BOOL\"><block type=\"logic_binary_ops\" inline=\"false\"><field name=\"OP\">OR</field><value name=\"A\"><block type=\"logic_entity_compare\"><field name=\"entity\">EntityItem</field><value name=\"compareTo\"><block type=\"entity_from_deps\"></block></value></block></value><value name=\"B\"><block type=\"logic_binary_ops\" inline=\"false\"><field name=\"OP\">OR</field><value name=\"A\"><block type=\"logic_entity_compare\"><field name=\"entity\">EntityArmorStand</field><value name=\"compareTo\"><block type=\"entity_from_deps\"></block></value></block></value><value name=\"B\"><block type=\"logic_binary_ops\" inline=\"false\"><field name=\"OP\">OR</field><value name=\"A\"><block type=\"logic_entity_compare\"><field name=\"entity\">EntityItemFrame</field><value name=\"compareTo\"><block type=\"entity_from_deps\"></block></value></block></value><value name=\"B\"><block type=\"logic_binary_ops\" inline=\"false\"><field name=\"OP\">OR</field><value name=\"A\"><block type=\"logic_entity_compare\"><field name=\"entity\">EntityGlowItemFrame</field><value name=\"compareTo\"><block type=\"entity_from_deps\"></block></value></block></value><value name=\"B\"><block type=\"logic_binary_ops\" inline=\"false\"><field name=\"OP\">OR</field><value name=\"A\"><block type=\"logic_entity_compare\"><field name=\"entity\">EntityExpBottle</field><value name=\"compareTo\"><block type=\"entity_from_deps\"></block></value></block></value><value name=\"B\"><block type=\"logic_entity_compare\"><field name=\"entity\">EntityXPOrb</field><value name=\"compareTo\"><block type=\"entity_from_deps\"></block></value></block></value></block></value></block></value></block></value></block></value></block></value></block></value><statement name=\"DO0\"><block type=\"controls_if\"><value name=\"IF0\"><block type=\"logic_negate\"><value name=\"BOOL\"><block type=\"text_contains\"><value name=\"text\"><block type=\"variables_get_string\"><mutation xmlns=\"http://www.w3.org/1999/xhtml\" is_player_var=\"true\" has_entity=\"true\"></mutation><field name=\"VAR\">global:LatexForm</field><value name=\"entity\"><block type=\"entity_from_deps\"></block></value></block></value><value name=\"contains\"><block type=\"text\"><field name=\"TEXT\">dark_latex</field></block></value></block></value></block></value><statement name=\"DO0\"><block type=\"controls_if\"><value name=\"IF0\"><block type=\"logic_negate\"><value name=\"BOOL\"><block type=\"text_contains\"><value name=\"text\"><block type=\"entity_registry_name\"><value name=\"entity\"><block type=\"entity_from_deps\"></block></value></block></value><value name=\"contains\"><block type=\"text\"><field name=\"TEXT\">dark_latex</field></block></value></block></value></block></value><statement name=\"DO0\"><block type=\"controls_if\"><value name=\"IF0\"><block type=\"logic_binary_ops\"><field name=\"OP\">OR</field><value name=\"A\"><block type=\"entity_is_tagged_in\"><value name=\"entity\"><block type=\"entity_iterator\"></block></value><value name=\"tag\"><block type=\"text\"><field name=\"TEXT\">changed_addon:changed_creature</field></block></value></block></value><value name=\"B\"><block type=\"java_code_get\"><field name=\"CODE\">entityiterator instanceof net.ltxprogrammer.changed.entity.LatexEntity</field></block></value></block></value><statement name=\"DO0\"><block type=\"controls_if\"><value name=\"IF0\"><block type=\"text_contains\"><value name=\"text\"><block type=\"entity_registry_name\"><value name=\"entity\"><block type=\"entity_iterator\"></block></value></block></value><value name=\"contains\"><block type=\"text\"><field name=\"TEXT\">dark_latex</field></block></value></block></value><statement name=\"DO0\"><block type=\"entity_pathfind_to\"><value name=\"entity\"><block type=\"entity_iterator\"></block></value><value name=\"x\"><block type=\"coord_x\"></block></value><value name=\"y\"><block type=\"coord_y\"></block></value><value name=\"z\"><block type=\"coord_z\"></block></value><value name=\"speed\"><block type=\"math_number\"><field name=\"NUM\">0.3</field></block></value></block></statement></block></statement></block></statement></block></statement></block></statement></block></statement></block></statement></block></next></block></next></block><block type=\"logic_binary_ops\" inline=\"false\" x=\"307\" y=\"1235\"><field name=\"OP\">OR</field></block><block type=\"logic_negate\" x=\"0\" y=\"1427\"><value name=\"BOOL\"><block type=\"logic_binary_ops\" inline=\"false\"><field name=\"OP\">OR</field><value name=\"A\"><block type=\"logic_entity_compare\"><field name=\"entity\">EntityItem</field><value name=\"compareTo\"><block type=\"entity_from_deps\"></block></value></block></value><value name=\"B\"><block type=\"logic_binary_ops\" inline=\"false\"><field name=\"OP\">OR</field><value name=\"A\"><block type=\"logic_entity_compare\"><field name=\"entity\">EntityArmorStand</field><value name=\"compareTo\"><block type=\"entity_from_deps\"></block></value></block></value><value name=\"B\"><block type=\"logic_binary_ops\" inline=\"false\"><field name=\"OP\">OR</field><value name=\"A\"><block type=\"logic_entity_compare\"><field name=\"entity\">EntityItemFrame</field><value name=\"compareTo\"><block type=\"entity_from_deps\"></block></value></block></value><value name=\"B\"><block type=\"logic_entity_compare\"><field name=\"entity\">EntityGlowItemFrame</field><value name=\"compareTo\"><block type=\"entity_from_deps\"></block></value></block></value></block></value></block></value></block></value></block><block type=\"entity_nbt_num_set\" x=\"0\" y=\"1599\"><value name=\"entity\"><block type=\"entity_iterator\"></block></value><value name=\"tagName\"><block type=\"text\"><field name=\"TEXT\">rage</field></block></value><value name=\"tagValue\"><block type=\"math_dual_ops\"><field name=\"OP\">ADD</field><value name=\"A\"><block type=\"entity_nbt_num_get\"><value name=\"entity\"><block type=\"entity_iterator\"></block></value><value name=\"tagName\"><block type=\"text\"><field name=\"TEXT\">rage</field></block></value></block></value><value name=\"B\"><block type=\"math_number\"><field name=\"NUM\">1</field></block></value></block></value><next><block type=\"controls_if\"><value name=\"IF0\"><block type=\"math_binary_ops\"><field name=\"OP\">GTE</field><value name=\"A\"><block type=\"entity_nbt_num_get\"><value name=\"entity\"><block type=\"entity_iterator\"></block></value><value name=\"tagName\"><block type=\"text\"><field name=\"TEXT\">rage</field></block></value></block></value><value name=\"B\"><block type=\"math_number\"><field name=\"NUM\">5</field></block></value></block></value><statement name=\"DO0\"><block type=\"controls_if\"><value name=\"IF0\"><block type=\"logic_binary_ops\"><field name=\"OP\">OR</field><value name=\"A\"><block type=\"logic_negate\"><value name=\"BOOL\"><block type=\"entity_checkgamemode\"><field name=\"gamemode\">SPECTATOR</field><value name=\"entity\"><block type=\"entity_from_deps\"></block></value></block></value></block></value><value name=\"B\"><block type=\"entity_checkgamemode\"><field name=\"gamemode\">CREATIVE</field><value name=\"entity\"><block type=\"entity_from_deps\"></block></value></block></value></block></value><statement name=\"DO0\"><block type=\"entity_set_target\"><value name=\"entity\"><block type=\"entity_iterator\"></block></value><value name=\"sourceentity\"><block type=\"entity_from_deps\"></block></value></block></statement><next><block type=\"entity_nbt_num_set\"><value name=\"entity\"><block type=\"entity_iterator\"></block></value><value name=\"tagName\"><block type=\"text\"><field name=\"TEXT\">rage</field></block></value><value name=\"tagValue\"><block type=\"math_number\"><field name=\"NUM\">0</field></block></value></block></next></block></statement></block></next></block></xml>"
  }
}