{
  "_fv": 47,
  "_type": "block",
  "definition": {
    "texture": "darklatexpuddle_texture",
    "textureTop": "",
    "textureLeft": "",
    "textureFront": "",
    "textureRight": "",
    "textureBack": "",
    "renderType": 2,
    "customModelName": "darklatexpuddle:default",
    "rotationMode": 1,
    "enablePitch": false,
    "emissiveRendering": false,
    "displayFluidOverlay": false,
    "itemTexture": "",
    "particleTexture": "",
    "tintType": "No tint",
    "isItemTinted": false,
    "hasTransparency": true,
    "connectedSides": false,
    "transparencyType": "SOLID",
    "disableOffset": true,
    "boundingBoxes": [
      {
        "mx": 6.0,
        "my": 0.25,
        "mz": 1.5,
        "Mx": 14.5,
        "My": 1.5,
        "Mz": 10.0,
        "subtract": false
      },
      {
        "mx": 5.5,
        "my": 0.0,
        "mz": 1.0,
        "Mx": 15.0,
        "My": 1.0,
        "Mz": 10.5,
        "subtract": false
      },
      {
        "mx": 0.75,
        "my": 0.0,
        "mz": 10.0,
        "Mx": 5.75,
        "My": 1.0,
        "Mz": 15.0,
        "subtract": false
      },
      {
        "mx": 1.25,
        "my": 0.25,
        "mz": 10.5,
        "Mx": 5.25,
        "My": 1.5,
        "Mz": 14.5,
        "subtract": false
      }
    ],
    "name": "Dark Latex Puddle",
    "specialInfo": [],
    "hardness": 1.0,
    "resistance": 10.0,
    "hasGravity": false,
    "isWaterloggable": false,
    "creativeTab": {
      "value": "CUSTOM:ChangedAddon"
    },
    "destroyTool": "shovel",
    "customDrop": {
      "value": ""
    },
    "dropAmount": 1,
    "useLootTableForDrops": false,
    "requiresCorrectTool": false,
    "enchantPowerBonus": 0.0,
    "plantsGrowOn": false,
    "canRedstoneConnect": false,
    "lightOpacity": 0,
    "material": {
      "value": "ROCK"
    },
    "tickRate": 1,
    "tickRandomly": false,
    "isReplaceable": false,
    "canProvidePower": false,
    "emittedRedstonePower": {
      "fixedValue": 15.0
    },
    "colorOnMap": "DEFAULT",
    "creativePickItem": {
      "value": ""
    },
    "offsetType": "NONE",
    "aiPathNodeType": "DEFAULT",
    "flammability": 0,
    "fireSpreadSpeed": 0,
    "isLadder": false,
    "slipperiness": 0.6,
    "speedFactor": 0.8,
    "jumpFactor": 1.0,
    "reactionToPushing": "DESTROY",
    "isNotColidable": false,
    "isCustomSoundType": false,
    "soundOnStep": {
      "value": "SLIME"
    },
    "breakSound": {
      "value": ""
    },
    "fallSound": {
      "value": ""
    },
    "hitSound": {
      "value": ""
    },
    "placeSound": {
      "value": ""
    },
    "stepSound": {
      "value": ""
    },
    "luminance": 0,
    "unbreakable": false,
    "breakHarvestLevel": 0,
    "isBonemealable": false,
    "hasInventory": true,
    "guiBoundTo": "<NONE>",
    "openGUIOnRightClick": false,
    "inventorySize": 0,
    "inventoryStackSize": 64,
    "inventoryDropWhenDestroyed": false,
    "inventoryComparatorPower": false,
    "inventoryOutSlotIDs": [],
    "inventoryInSlotIDs": [],
    "hasEnergyStorage": false,
    "energyInitial": 0,
    "energyCapacity": 400000,
    "energyMaxReceive": 200,
    "energyMaxExtract": 200,
    "isFluidTank": false,
    "fluidCapacity": 8000,
    "fluidRestrictions": [],
    "onBlockAdded": {
      "name": "DarklatexpuddleBlockAdded"
    },
    "onTickUpdate": {
      "name": "DarklatexpuddleUpdateTick"
    },
    "onStartToDestroy": {
      "name": "DarklatexpuddleFeature"
    },
    "onEntityCollides": {
      "name": "DarklatexpuddleFeature"
    },
    "spawnWorldTypes": [],
    "restrictionBiomes": [],
    "blocksToReplace": [
      {
        "value": "Blocks.STONE#0"
      },
      {
        "value": "Blocks.STONE#1"
      },
      {
        "value": "Blocks.STONE#3"
      },
      {
        "value": "Blocks.STONE#5"
      }
    ],
    "generationShape": "UNIFORM",
    "frequencyPerChunks": 10,
    "frequencyOnChunk": 16,
    "minGenerateHeight": 0,
    "maxGenerateHeight": 64
  }
}