{
  "_fv": 47,
  "_type": "restructure",
  "definition": {
    "restrictBiomes": [
      {
        "value": "plains"
      },
      {
        "value": "meadow"
      }
    ],
    "structureStep": "Fluid springs",
    "terrainAdaptation": "Beard box",
    "startHeightmap": "MOTION BLOCKING",
    "structureRotation": true,
    "expansionHack": false,
    "jigsawSize": 1,
    "absoluteHeight": 0,
    "distanceFromCenter": 32,
    "minSpacingSeparation": 35,
    "maxSpacingSeparation": 40,
    "selectedStructure": "dazed_latex_meteor",
    "structuresWeight": 1,
    "structureSetPlacement": "Random spread",
    "templatesWeight": 1,
    "typeElement": "Single pool element",
    "typeProjection": "Rigid",
    "adaptNoise": true
  }
}