{
  "_fv": 47,
  "_type": "achievement",
  "definition": {
    "achievementName": "DNA study is a fantastic thing",
    "achievementDescription": "You made one Inpure Ammonia",
    "achievementIcon": {
      "value": "CUSTOM:Inpureammonia"
    },
    "background": "Default",
    "disableDisplay": false,
    "showPopup": true,
    "announceToChat": false,
    "hideIfNotCompleted": true,
    "rewardLoot": [],
    "rewardRecipes": [
      "UnifuserRecipe",
      "Catlyzerrecipe",
      "Unlatexbaserecipe",
      "Latexinsulatorrecipe"
    ],
    "rewardFunction": "No function",
    "rewardXP": 0,
    "achievementType": "task",
    "parent": {
      "value": "CUSTOM:ChangedaddonAdvancement"
    },
    "triggerxml": "<xml xmlns=\"https://developers.google.com/blockly/xml\"><block type=\"custom_trigger\" x=\"57\" y=\"41\"><next><block type=\"advancement_trigger\" deletable=\"false\"></block></next></block></xml>"
  }
}