{
  "_fv": 47,
  "_type": "recipe",
  "definition": {
    "recipeType": "Crafting",
    "recipeRetstackSize": 1,
    "group": "",
    "cookingBookCategory": "MISC",
    "xpReward": 0.0,
    "cookingTime": 200,
    "craftingBookCategory": "MISC",
    "recipeShapeless": false,
    "recipeSlots": [
      {
        "value": "Items.NETHERITE_INGOT"
      },
      {
        "value": "CUSTOM:SignalBlock"
      },
      {
        "value": "TAG:changed_addon:gooey"
      },
      {
        "value": "CUSTOM:Unlatexbase"
      },
      {
        "value": "Items.NETHER_STAR"
      },
      {
        "value": "Items.TOTEM_OF_UNDYING"
      },
      {
        "value": "TAG:changed_addon:gooey"
      },
      {
        "value": "CUSTOM:PainiteBlock"
      },
      {
        "value": "Items.NETHERITE_INGOT"
      }
    ],
    "recipeReturnStack": {
      "value": "CUSTOM:BossExperiment10SpawnEgg"
    },
    "name": "exp_10_spawn_egg_recipe",
    "namespace": "mod"
  }
}