{
  "_fv": 47,
  "_type": "gui",
  "definition": {
    "type": 1,
    "width": 345,
    "height": 177,
    "inventoryOffsetX": -76,
    "inventoryOffsetY": 6,
    "renderBgLayer": true,
    "doesPauseGame": false,
    "components": [
      {
        "type": "label",
        "data": {
          "name": "label_hello_im_foxyas_i_dont_want_to",
          "text": {
            "fixedValue": "hello I'm Foxyas I don't want to assimilate you i am friendly so"
          },
          "color": {
            "value": -12829636,
            "falpha": 0.0
          },
          "x": 46,
          "y": 36
        }
      },
      {
        "type": "label",
        "data": {
          "name": "label_pls_dont_kill_me",
          "text": {
            "fixedValue": "pls dont kill me i can trade orange juice with you i just need 2"
          },
          "color": {
            "value": -12829636,
            "falpha": 0.0
          },
          "x": 46,
          "y": 50
        }
      },
      {
        "type": "inputslot",
        "data": {
          "inputLimit": {
            "value": ""
          },
          "disablePlacement": {
            "fixedValue": false,
            "name": "FoxyasguiDisableItemstackPlacement"
          },
          "id": 0,
          "disablePickup": {
            "fixedValue": false
          },
          "dropItemsWhenNotBound": true,
          "x": 249,
          "y": 138
        }
      },
      {
        "type": "outputslot",
        "data": {
          "id": 2,
          "disablePickup": {
            "fixedValue": false
          },
          "dropItemsWhenNotBound": true,
          "x": 342,
          "y": 156
        }
      },
      {
        "type": "inputslot",
        "data": {
          "inputLimit": {
            "value": "Items.GLASS_BOTTLE"
          },
          "disablePlacement": {
            "fixedValue": false
          },
          "id": 1,
          "disablePickup": {
            "fixedValue": false
          },
          "dropItemsWhenNotBound": true,
          "x": 249,
          "y": 177
        }
      },
      {
        "type": "button",
        "data": {
          "name": "button_trade",
          "text": "Trade",
          "onClick": {
            "name": "Trade"
          },
          "width": 51,
          "height": 20,
          "x": 276,
          "y": 155
        }
      },
      {
        "type": "label",
        "data": {
          "name": "label_i_just_need_2_oranges_and_one_gl",
          "text": {
            "fixedValue": "oranges and one glass bottle for that"
          },
          "color": {
            "value": -12829636,
            "falpha": 0.0
          },
          "x": 46,
          "y": 64
        }
      },
      {
        "type": "button",
        "data": {
          "name": "button_i_want_be_transfured_by_you",
          "text": "i want be transfured by you",
          "onClick": {
            "name": "OpenFoxyasGui2"
          },
          "displayCondition": {
            "name": "Ifplayerarenttransfur"
          },
          "width": 165,
          "height": 20,
          "x": 129,
          "y": 95
        }
      }
    ],
    "onOpen": {
      "name": "FoxyasguiThisGUIIsOpened"
    },
    "onClosed": {
      "name": "FoxyasguiThisGUIIsClosed"
    },
    "gridSettings": {
      "sx": 18,
      "sy": 18,
      "ox": 11,
      "oy": 15,
      "snapOnGrid": false
    }
  }
}