{
  "_fv": 47,
  "_type": "achievement",
  "definition": {
    "achievementName": "§4YOU MONSTER",
    "achievementDescription": "§4THOSE BASTARDS,THEY KILL FOXYAS",
    "achievementIcon": {
      "value": "CUSTOM:PainiteSword"
    },
    "background": "Default",
    "disableDisplay": false,
    "showPopup": true,
    "announceToChat": true,
    "hideIfNotCompleted": true,
    "rewardLoot": [],
    "rewardRecipes": [],
    "rewardFunction": "No function",
    "rewardXP": 0,
    "achievementType": "task",
    "parent": {
      "value": "CUSTOM:ChangedaddonAdvancement"
    },
    "triggerxml": "<xml xmlns=\"https://developers.google.com/blockly/xml\"><block type=\"custom_trigger\" x=\"48\" y=\"49\"><next><block type=\"advancement_trigger\" deletable=\"false\"></block></next></block></xml>"
  }
}