{
  "_fv": 47,
  "_type": "livingentity",
  "definition": {
    "mobName": "Foxyas",
    "mobLabel": "",
    "mobModelName": "ModelFoxyasModel",
    "mobModelTexture": "foxyas_texture.png",
    "mobModelGlowTexture": "",
    "solidBoundingBox": {
      "fixedValue": false
    },
    "modelWidth": 0.6,
    "modelHeight": 1.9000000000000001,
    "modelShadowSize": 0.5,
    "mountedYOffset": 0.0,
    "hasSpawnEgg": true,
    "spawnEggBaseColor": {
      "value": -1,
      "falpha": 0.0
    },
    "spawnEggDotColor": {
      "value": -26215,
      "falpha": 0.0
    },
    "creativeTab": {
      "value": "CUSTOM:ChangedAddon"
    },
    "isBoss": false,
    "bossBarColor": "PINK",
    "bossBarType": "PROGRESS",
    "equipmentMainHand": {
      "value": ""
    },
    "equipmentOffHand": {
      "value": ""
    },
    "equipmentHelmet": {
      "value": ""
    },
    "equipmentBody": {
      "value": ""
    },
    "equipmentLeggings": {
      "value": ""
    },
    "equipmentBoots": {
      "value": ""
    },
    "mobBehaviourType": "Mob",
    "mobCreatureType": "UNDEFINED",
    "attackStrength": 5,
    "attackKnockback": 0.0,
    "knockbackResistance": 0.0,
    "movementSpeed": 0.3,
    "stepHeight": 0.6,
    "armorBaseValue": 0.0,
    "trackingRange": 64,
    "followRange": 16,
    "health": 24,
    "xpAmount": 10,
    "waterMob": false,
    "flyingMob": false,
    "guiBoundTo": "Foxyasgui",
    "inventorySize": 9,
    "inventoryStackSize": 64,
    "disableCollisions": false,
    "ridable": false,
    "canControlForward": false,
    "canControlStrafe": false,
    "immuneToFire": false,
    "immuneToArrows": false,
    "immuneToFallDamage": false,
    "immuneToCactus": false,
    "immuneToDrowning": false,
    "immuneToLightning": false,
    "immuneToPotions": false,
    "immuneToPlayer": false,
    "immuneToExplosion": false,
    "immuneToTrident": false,
    "immuneToAnvil": false,
    "immuneToWither": false,
    "immuneToDragonBreath": false,
    "mobDrop": {
      "value": ""
    },
    "livingSound": {
      "value": ""
    },
    "hurtSound": {
      "value": "entity.generic.hurt"
    },
    "deathSound": {
      "value": "entity.generic.death"
    },
    "stepSound": {
      "value": ""
    },
    "whenMobDies": {
      "name": "FoxyasEntityDies"
    },
    "onRightClickedOn": {
      "name": "FoxyasRightClickedOnEntity"
    },
    "onMobTickUpdate": {
      "name": "FoxyasOnEntityTickUpdate"
    },
    "hasAI": true,
    "aiBase": "(none)",
    "aixml": "<xml xmlns=\"https://developers.google.com/blockly/xml\"><block type=\"aitasks_container\" deletable=\"false\" x=\"40\" y=\"40\"><next><block type=\"protect_owner\"><field name=\"condition\">null,null</field><next><block type=\"follow_owner\"><field name=\"speed\">1</field><field name=\"min_distance\">10</field><field name=\"max_distance\">2</field><field name=\"condition\">null,null</field><next><block type=\"attack_on_collide\"><field name=\"speed\">1.2</field><field name=\"longmemory\">FALSE</field><field name=\"condition\">null,null</field><next><block type=\"watch_closest_entity\"><field name=\"entity\">EntityPlayerMP</field><field name=\"radius\">6</field><field name=\"condition\">null,null</field><next><block type=\"watch_closest_entity\"><field name=\"entity\">EntityPlayer</field><field name=\"radius\">6</field><field name=\"condition\">null,null</field><next><block type=\"wander\"><field name=\"speed\">1</field><field name=\"condition\">IfnotInWater,IfnotInWater</field><next><block type=\"swim\"><field name=\"speed\">1</field><field name=\"condition\">IfInWater,IfInWater</field><next><block type=\"attack_action\"><field name=\"callhelp\">FALSE</field><field name=\"condition\">null,null</field><next><block type=\"look_around\"><field name=\"condition\">null,null</field><next><block type=\"swim_in_water\"><field name=\"condition\">null,null</field><next><block type=\"doors_open\"><field name=\"condition\">null,null</field><next><block type=\"doors_close\"><field name=\"condition\">null,null</field></block></next></block></next></block></next></block></next></block></next></block></next></block></next></block></next></block></next></block></next></block></next></block></next></block></xml>",
    "breedable": false,
    "tameable": true,
    "breedTriggerItems": [],
    "ranged": false,
    "rangedAttackItem": {
      "value": ""
    },
    "rangedItemType": "Default item",
    "rangedAttackInterval": 20,
    "rangedAttackRadius": 10.0,
    "spawnThisMob": false,
    "doesDespawnWhenIdle": false,
    "spawningProbability": 1,
    "mobSpawningType": "monster",
    "minNumberOfMobsPerGroup": 1,
    "maxNumberOfMobsPerGroup": 1,
    "restrictionBiomes": [],
    "spawnInDungeons": false
  }
}