{
  "_fv": 47,
  "_type": "gui",
  "definition": {
    "type": 0,
    "width": 200,
    "height": 100,
    "inventoryOffsetX": 0,
    "inventoryOffsetY": 0,
    "renderBgLayer": true,
    "doesPauseGame": false,
    "components": [
      {
        "type": "label",
        "data": {
          "name": "label_empty",
          "text": {
            "fixedValue": "",
            "name": "FriendlyTransfurGuitext"
          },
          "color": {
            "value": -12829636,
            "falpha": 0.0
          },
          "x": 122,
          "y": 76
        }
      },
      {
        "type": "label",
        "data": {
          "name": "label_accept",
          "text": {
            "fixedValue": "accept?"
          },
          "color": {
            "value": -12829636,
            "falpha": 0.0
          },
          "x": 194,
          "y": 109
        }
      },
      {
        "type": "button",
        "data": {
          "name": "button_no",
          "text": "no",
          "onClick": {
            "name": "FriendlyTransfurGuino"
          },
          "width": 35,
          "height": 20,
          "x": 233,
          "y": 126
        }
      },
      {
        "type": "button",
        "data": {
          "name": "button_no1",
          "text": "yes",
          "onClick": {
            "name": "FriendlyTransfurGuiyes"
          },
          "width": 35,
          "height": 20,
          "x": 154,
          "y": 126
        }
      }
    ],
    "gridSettings": {
      "sx": 18,
      "sy": 18,
      "ox": 11,
      "oy": 15,
      "snapOnGrid": false
    }
  }
}