{
  "_fv": 47,
  "_type": "achievement",
  "definition": {
    "achievementName": "Friendly Transfur",
    "achievementDescription": "You get Transfured by Foxyas",
    "achievementIcon": {
      "value": "CUSTOM:Devitem"
    },
    "background": "Default",
    "disableDisplay": false,
    "showPopup": true,
    "announceToChat": false,
    "hideIfNotCompleted": true,
    "rewardLoot": [],
    "rewardRecipes": [],
    "rewardFunction": "No function",
    "rewardXP": 150,
    "achievementType": "challenge",
    "parent": {
      "value": "CUSTOM:GooeyFriend"
    },
    "triggerxml": "<xml xmlns=\"https://developers.google.com/blockly/xml\"><block type=\"custom_trigger\" x=\"30\" y=\"60\"><next><block type=\"advancement_trigger\" deletable=\"false\"></block></next></block></xml>"
  }
}