{
  "_fv": 47,
  "_type": "gui",
  "definition": {
    "type": 0,
    "width": 200,
    "height": 99,
    "inventoryOffsetX": 0,
    "inventoryOffsetY": 0,
    "renderBgLayer": true,
    "doesPauseGame": false,
    "components": [
      {
        "type": "label",
        "data": {
          "name": "label_proc_generatorgui_value",
          "text": {
            "fixedValue": "",
            "name": "GeneratorguiValue"
          },
          "color": {
            "value": -12829636,
            "falpha": 0.0
          },
          "x": 118,
          "y": 81
        }
      },
      {
        "type": "label",
        "data": {
          "name": "label_proc_generatorgui_value_2",
          "text": {
            "fixedValue": "",
            "name": "GeneratorguiValue2"
          },
          "color": {
            "value": -12829636,
            "falpha": 0.0
          },
          "x": 125,
          "y": 147
        }
      },
      {
        "type": "image",
        "data": {
          "image": "on.png",
          "use1Xscale": false,
          "displayCondition": {
            "name": "Ifisturnon"
          },
          "x": 284,
          "y": 144
        }
      },
      {
        "type": "image",
        "data": {
          "image": "off.png",
          "use1Xscale": false,
          "displayCondition": {
            "name": "Ifisturnoff"
          },
          "x": 284,
          "y": 144
        }
      },
      {
        "type": "imagebutton",
        "data": {
          "name": "imagebutton_hitbox_16x16",
          "image": "hitbox_16x16.png",
          "hoveredImage": "",
          "onClick": {
            "name": "GeneratorOnBlockRightClicked"
          },
          "x": 284,
          "y": 144
        }
      }
    ],
    "gridSettings": {
      "sx": 18,
      "sy": 18,
      "ox": 11,
      "oy": 15,
      "snapOnGrid": false
    }
  }
}