{
  "_fv": 47,
  "_type": "achievement",
  "definition": {
    "achievementName": "Gooey Friend",
    "achievementDescription": "You are next to a Friendly Latex",
    "achievementIcon": {
      "value": "CUSTOM:Devitem"
    },
    "background": "Default",
    "disableDisplay": false,
    "showPopup": true,
    "announceToChat": false,
    "hideIfNotCompleted": false,
    "rewardLoot": [],
    "rewardRecipes": [],
    "rewardFunction": "No function",
    "rewardXP": 5,
    "achievementType": "goal",
    "parent": {
      "value": "CUSTOM:ChangedaddonAdvancement"
    },
    "triggerxml": "<xml xmlns=\"https://developers.google.com/blockly/xml\"><block type=\"custom_trigger\" x=\"55\" y=\"47\"><next><block type=\"advancement_trigger\" deletable=\"false\"></block></next></block></xml>"
  }
}