{
  "_fv": 47,
  "_type": "achievement",
  "definition": {
    "achievementName": "Grab them!",
    "achievementDescription": "you active your grab ",
    "achievementIcon": {
      "value": "CUSTOM:Changedbook"
    },
    "background": "Default",
    "disableDisplay": false,
    "showPopup": true,
    "announceToChat": false,
    "hideIfNotCompleted": true,
    "rewardLoot": [],
    "rewardRecipes": [],
    "rewardFunction": "No function",
    "rewardXP": 0,
    "achievementType": "goal",
    "parent": {
      "value": "CUSTOM:ChangedaddonAdvancement"
    },
    "triggerxml": "<xml xmlns=\"https://developers.google.com/blockly/xml\"><block type=\"custom_trigger\" x=\"37\" y=\"28\"><next><block type=\"advancement_trigger\" deletable=\"false\"></block></next></block></xml>"
  }
}