{
  "_fv": 47,
  "_type": "gui",
  "definition": {
    "type": 0,
    "width": 158,
    "height": 158,
    "inventoryOffsetX": 0,
    "inventoryOffsetY": 0,
    "renderBgLayer": false,
    "doesPauseGame": false,
    "components": [
      {
        "type": "image",
        "data": {
          "image": "new-goograbradialmenu.png",
          "use1Xscale": false,
          "displayCondition": {
            "name": "ShowNoOrganicGrabRadial"
          },
          "x": 134,
          "y": 41
        }
      },
      {
        "type": "image",
        "data": {
          "image": "new-organicgrabradialmenu.png",
          "use1Xscale": false,
          "displayCondition": {
            "name": "ShowOrganicGrabRadial"
          },
          "x": 134,
          "y": 41
        }
      },
      {
        "type": "image",
        "data": {
          "image": "organic_form_overlay.png",
          "use1Xscale": false,
          "displayCondition": {
            "name": "ShowOrganicGrabRadial"
          },
          "x": 230,
          "y": 56
        }
      },
      {
        "type": "image",
        "data": {
          "image": "cant_grab_icon_outline.png",
          "use1Xscale": false,
          "displayCondition": {
            "name": "Shocantgrabicon"
          },
          "x": 181,
          "y": 58
        }
      },
      {
        "type": "image",
        "data": {
          "image": "can_grab_icon_outline.png",
          "use1Xscale": false,
          "displayCondition": {
            "name": "Showcangrabicon"
          },
          "x": 181,
          "y": 58
        }
      },
      {
        "type": "imagebutton",
        "data": {
          "name": "imagebutton_hitbox_16x16",
          "image": "hitbox_16x16.png",
          "hoveredImage": "",
          "onClick": {
            "name": "SetcangrabonOnKeyPressed"
          },
          "x": 181,
          "y": 58
        }
      },
      {
        "type": "image",
        "data": {
          "image": "assimilation.png",
          "use1Xscale": false,
          "displayCondition": {
            "name": "Showassimilationicon"
          },
          "x": 229,
          "y": 56
        }
      },
      {
        "type": "image",
        "data": {
          "image": "grab_overlay_v2.png",
          "use1Xscale": false,
          "displayCondition": {
            "name": "Showassimilationoffbutton"
          },
          "x": 229,
          "y": 56
        }
      },
      {
        "type": "image",
        "data": {
          "image": "friendlymodeicon.png",
          "use1Xscale": false,
          "displayCondition": {
            "name": "ShowfriendlymodeIcon"
          },
          "x": 263,
          "y": 92
        }
      },
      {
        "type": "image",
        "data": {
          "image": "friendlymodeofficon.png",
          "use1Xscale": false,
          "displayCondition": {
            "name": "Showfriendlymodeofficon"
          },
          "x": 263,
          "y": 92
        }
      },
      {
        "type": "image",
        "data": {
          "image": "organic_friendly_mode_off_v2.png",
          "use1Xscale": false,
          "displayCondition": {
            "name": "ShowOrganicFriendlyModeOff"
          },
          "x": 263,
          "y": 92
        }
      },
      {
        "type": "image",
        "data": {
          "image": "organic_friendly_mode_on_v2.png",
          "use1Xscale": false,
          "displayCondition": {
            "name": "ShowOrganicFriendlyModeon"
          },
          "x": 263,
          "y": 92
        }
      },
      {
        "type": "imagebutton",
        "data": {
          "name": "imagebutton_hitbox_16x161",
          "image": "hitbox_16x16.png",
          "hoveredImage": "",
          "onClick": {
            "name": "ActiveFriendlyModeOnKeyPressed"
          },
          "x": 263,
          "y": 92
        }
      },
      {
        "type": "imagebutton",
        "data": {
          "name": "imagebutton_hitbox_16x162",
          "image": "hitbox_16x16.png",
          "hoveredImage": "",
          "onClick": {
            "name": "SetassimilatonOnKeyPressed"
          },
          "x": 229,
          "y": 56
        }
      },
      {
        "type": "image",
        "data": {
          "image": "friendly_transfur_true.png",
          "use1Xscale": false,
          "displayCondition": {
            "name": "ShowGrabInFriendlyModeOn"
          },
          "x": 180,
          "y": 56
        }
      },
      {
        "type": "image",
        "data": {
          "image": "friendly_transfur_false.png",
          "use1Xscale": false,
          "displayCondition": {
            "name": "ShowGrabInFriendlyModeoff"
          },
          "x": 180,
          "y": 56
        }
      }
    ],
    "gridSettings": {
      "sx": 18,
      "sy": 22,
      "ox": 11,
      "oy": 20,
      "snapOnGrid": false
    }
  }
}