{
  "_fv": 47,
  "_type": "gui",
  "definition": {
    "type": 0,
    "width": 176,
    "height": 150,
    "inventoryOffsetX": 0,
    "inventoryOffsetY": 0,
    "renderBgLayer": false,
    "doesPauseGame": false,
    "components": [
      {
        "type": "image",
        "data": {
          "image": "grab_radial_menu.png",
          "use1Xscale": true,
          "displayCondition": {
            "name": "ShowNoOrganicGrabRadial"
          },
          "x": 151,
          "y": 63
        }
      },
      {
        "type": "image",
        "data": {
          "image": "organic_grab_radial__white.png",
          "use1Xscale": true,
          "displayCondition": {
            "name": "ShowOrganicGrabRadial"
          },
          "x": 151,
          "y": 63
        }
      },
      {
        "type": "button",
        "data": {
          "name": "button_back",
          "text": "back",
          "onClick": {
            "name": "OpenGrabRadialOnKeyPressed"
          },
          "width": 46,
          "height": 20,
          "x": 190,
          "y": 110
        }
      },
      {
        "type": "image",
        "data": {
          "image": "cant_grab_icon_outline.png",
          "use1Xscale": false,
          "displayCondition": {
            "name": "Showcangrabicon"
          },
          "x": 186,
          "y": 73
        }
      },
      {
        "type": "image",
        "data": {
          "image": "can_grab_icon_outline.png",
          "use1Xscale": false,
          "displayCondition": {
            "name": "Shocantgrabicon"
          },
          "x": 186,
          "y": 73
        }
      },
      {
        "type": "imagebutton",
        "data": {
          "name": "imagebutton_hitbox_16x16",
          "image": "hitbox_16x16.png",
          "hoveredImage": "",
          "onClick": {
            "name": "SetcangrabonOnKeyPressed"
          },
          "x": 186,
          "y": 73
        }
      },
      {
        "type": "image",
        "data": {
          "image": "canassimilation_outline.png",
          "use1Xscale": false,
          "displayCondition": {
            "name": "Showassimilationicon"
          },
          "x": 221,
          "y": 72
        }
      },
      {
        "type": "image",
        "data": {
          "image": "cantassimilation_outline.png",
          "use1Xscale": false,
          "displayCondition": {
            "name": "Showassimilationoffbutton"
          },
          "x": 221,
          "y": 72
        }
      },
      {
        "type": "imagebutton",
        "data": {
          "name": "imagebutton_hitbox_16x161",
          "image": "hitbox_16x16.png",
          "hoveredImage": "",
          "onClick": {
            "name": "SetassimilatonOnKeyPressed"
          },
          "x": 221,
          "y": 72
        }
      }
    ],
    "gridSettings": {
      "sx": 18,
      "sy": 18,
      "ox": 11,
      "oy": 15,
      "snapOnGrid": false
    }
  }
}