{
  "_fv": 47,
  "_type": "armor",
  "definition": {
    "enableHelmet": true,
    "textureHelmet": "hazard-helmet",
    "enableBody": true,
    "textureBody": "hazard_chestplate",
    "enableLeggings": true,
    "textureLeggings": "hazard_leggins",
    "enableBoots": true,
    "textureBoots": "hazard_boots",
    "creativeTab": {
      "value": "CUSTOM:ChangedAddon"
    },
    "armorTextureFile": "hazard_armor_",
    "helmetName": "Hazard Helmet",
    "bodyName": "Hazard  Chestplate",
    "leggingsName": "Hazard Leggings",
    "bootsName": "Hazard Boots",
    "helmetSpecialInfo": [],
    "bodySpecialInfo": [],
    "leggingsSpecialInfo": [],
    "bootsSpecialInfo": [],
    "helmetModelName": "Default",
    "helmetModelPart": "Helmet",
    "helmetModelTexture": "From armor",
    "bodyModelName": "Default",
    "bodyModelPart": "Body",
    "armsModelPartL": "Arms L",
    "armsModelPartR": "Arms R",
    "bodyModelTexture": "From armor",
    "leggingsModelName": "Default",
    "leggingsModelPartL": "Leggings L",
    "leggingsModelPartR": "Leggings R",
    "leggingsModelTexture": "hazardarmor_legs.png",
    "bootsModelName": "Default",
    "bootsModelPartL": "Boots L",
    "bootsModelPartR": "Boots R",
    "bootsModelTexture": "hazardarmor_boots.png",
    "helmetItemRenderType": 0,
    "helmetItemCustomModelName": "Normal",
    "bodyItemRenderType": 0,
    "bodyItemCustomModelName": "Normal",
    "leggingsItemRenderType": 0,
    "leggingsItemCustomModelName": "Normal",
    "bootsItemRenderType": 0,
    "bootsItemCustomModelName": "Normal",
    "helmetImmuneToFire": false,
    "bodyImmuneToFire": false,
    "leggingsImmuneToFire": false,
    "bootsImmuneToFire": false,
    "maxDamage": 25,
    "damageValueHelmet": 1,
    "damageValueBody": 5,
    "damageValueLeggings": 4,
    "damageValueBoots": 1,
    "enchantability": 9,
    "toughness": 0.0,
    "knockbackResistance": 0.0,
    "equipSound": {
      "value": "CUSTOM:armor_equip"
    },
    "repairItems": [
      {
        "value": "Items.LEATHER"
      },
      {
        "value": "Items.IRON_INGOT"
      }
    ]
  }
}