{
  "_fv": 47,
  "_type": "achievement",
  "definition": {
    "achievementName": "Hazy Purple",
    "achievementDescription": "Hold Exp10 and Exp9 Dna To Give you a Purple Fog",
    "achievementIcon": {
      "value": "Items.DYE#5"
    },
    "background": "Default",
    "disableDisplay": false,
    "showPopup": true,
    "announceToChat": true,
    "hideIfNotCompleted": false,
    "rewardLoot": [],
    "rewardRecipes": [],
    "rewardFunction": "No function",
    "rewardXP": 2000,
    "achievementType": "challenge",
    "parent": {
      "value": "CUSTOM:ChangedaddonAdvancement"
    },
    "triggerxml": "<xml xmlns=\"https://developers.google.com/blockly/xml\"><block type=\"custom_trigger\" x=\"48\" y=\"41\"><next><block type=\"advancement_trigger\" deletable=\"false\"></block></next></block></xml>"
  }
}