{
  "_fv": 47,
  "_type": "recipe",
  "definition": {
    "recipeType": "Crafting",
    "recipeRetstackSize": 3,
    "group": "",
    "cookingBookCategory": "MISC",
    "xpReward": 0.0,
    "cookingTime": 200,
    "craftingBookCategory": "MISC",
    "recipeShapeless": true,
    "recipeSlots": [
      {
        "value": "TAG:plants"
      },
      {
        "value": "TAG:changed_addon:meat"
      },
      {
        "value": "TAG:plants"
      },
      {
        "value": "TAG:changed_addon:meat"
      },
      {
        "value": "TAG:forge:seeds"
      },
      {
        "value": "Items.DYE#15"
      },
      {
        "value": "TAG:plants"
      },
      {
        "value": "TAG:changed_addon:meat"
      },
      {
        "value": "TAG:plants"
      }
    ],
    "recipeReturnStack": {
      "value": "CUSTOM:Inpureammonia"
    },
    "name": "impureammoniarecipeplant",
    "namespace": "mod"
  }
}