{
  "_fv": 47,
  "_type": "achievement",
  "definition": {
    "achievementName": "Its Over",
    "achievementDescription": "You kill Experiment009 Good Job",
    "achievementIcon": {
      "value": "CUSTOM:Experiment009Spawnegg"
    },
    "background": "Default",
    "disableDisplay": false,
    "showPopup": true,
    "announceToChat": true,
    "hideIfNotCompleted": true,
    "rewardLoot": [],
    "rewardRecipes": [],
    "rewardFunction": "No function",
    "rewardXP": 0,
    "achievementType": "challenge",
    "parent": {
      "value": "CUSTOM:ChangedaddonAdvancement"
    },
    "triggerxml": "<xml xmlns=\"https://developers.google.com/blockly/xml\"><block type=\"custom_trigger\" x=\"52\" y=\"29\"><next><block type=\"advancement_trigger\" deletable=\"false\"></block></next></block></xml>"
  }
}