{
  "_fv": 47,
  "_type": "item",
  "definition": {
    "renderType": 0,
    "texture": "laethin_white",
    "customModelName": "Normal",
    "customProperties": {
      "type": {
        "name": "LaethinPropertyValueProvider"
      }
    },
    "states": [
      {
        "renderType": 0,
        "texture": "laethin",
        "customModelName": "Normal",
        "stateMap": [
          {
            "property": {
              "min": -1.7976931348623157E308,
              "max": 1.7976931348623157E308,
              "name": "CUSTOM:type",
              "type": "number"
            },
            "value": 1.0
          }
        ]
      }
    ],
    "name": "Laethin",
    "rarity": "COMMON",
    "creativeTab": {
      "value": "CUSTOM:ChangedAddon"
    },
    "stackSize": 64,
    "enchantability": 0,
    "useDuration": 0,
    "toolType": 1.0,
    "damageCount": 0,
    "recipeRemainder": {
      "value": ""
    },
    "destroyAnyBlock": false,
    "immuneToFire": false,
    "stayInGridWhenCrafting": false,
    "damageOnCrafting": false,
    "enableMeleeDamage": false,
    "damageVsEntity": 0.0,
    "specialInfo": [],
    "hasGlow": false,
    "guiBoundTo": "<NONE>",
    "inventorySize": 9,
    "inventoryStackSize": 64,
    "isFood": false,
    "nutritionalValue": 4,
    "saturation": 0.3,
    "eatResultItem": {
      "value": ""
    },
    "isMeat": false,
    "isAlwaysEdible": false,
    "animation": "none"
  }
}