{
  "_fv": 47,
  "_type": "block",
  "definition": {
    "texture": "latexinsulatoranimationtexture",
    "textureTop": "latexinsulatoranimationtexture",
    "textureLeft": "latexinsulatoranimationtexture",
    "textureFront": "latexinsulatoranimationtexture",
    "textureRight": "latexinsulatoranimationtexture",
    "textureBack": "latexinsulatoranimationtexture",
    "renderType": 10,
    "customModelName": "Normal",
    "rotationMode": 0,
    "enablePitch": false,
    "emissiveRendering": false,
    "displayFluidOverlay": false,
    "itemTexture": "",
    "particleTexture": "",
    "tintType": "No tint",
    "isItemTinted": false,
    "hasTransparency": true,
    "connectedSides": true,
    "transparencyType": "TRANSLUCENT",
    "disableOffset": true,
    "boundingBoxes": [
      {
        "mx": 1.0,
        "my": 1.0,
        "mz": 1.0,
        "Mx": 15.0,
        "My": 15.0,
        "Mz": 15.0,
        "subtract": false
      },
      {
        "mx": 4.0,
        "my": 4.0,
        "mz": 4.0,
        "Mx": 12.0,
        "My": 12.0,
        "Mz": 12.0,
        "subtract": false
      }
    ],
    "name": "Latex Insulator",
    "specialInfo": [],
    "hardness": 0.05,
    "resistance": 10.0,
    "hasGravity": false,
    "isWaterloggable": false,
    "creativeTab": {
      "value": "CUSTOM:ChangedAddon"
    },
    "destroyTool": "Not specified",
    "customDrop": {
      "value": ""
    },
    "dropAmount": 1,
    "useLootTableForDrops": false,
    "requiresCorrectTool": false,
    "enchantPowerBonus": 0.0,
    "plantsGrowOn": false,
    "canRedstoneConnect": false,
    "lightOpacity": 0,
    "material": {
      "value": "CLAY"
    },
    "tickRate": 10,
    "tickRandomly": false,
    "isReplaceable": false,
    "canProvidePower": false,
    "emittedRedstonePower": {
      "fixedValue": 15.0
    },
    "colorOnMap": "DEFAULT",
    "creativePickItem": {
      "value": ""
    },
    "offsetType": "NONE",
    "aiPathNodeType": "DEFAULT",
    "beaconColorModifier": {
      "value": -6710887,
      "falpha": 0.0
    },
    "flammability": 0,
    "fireSpreadSpeed": 0,
    "isLadder": false,
    "slipperiness": 0.6,
    "speedFactor": 0.5,
    "jumpFactor": 1.0,
    "reactionToPushing": "NORMAL",
    "isNotColidable": false,
    "isCustomSoundType": false,
    "soundOnStep": {
      "value": "SLIME"
    },
    "breakSound": {
      "value": "block.slime.break"
    },
    "fallSound": {
      "value": "block.slime.fall"
    },
    "hitSound": {
      "value": "block.slime.hit"
    },
    "placeSound": {
      "value": "block.slime.place"
    },
    "stepSound": {
      "value": "block.slime.step"
    },
    "luminance": 0,
    "unbreakable": false,
    "breakHarvestLevel": 2,
    "isBonemealable": false,
    "hasInventory": false,
    "guiBoundTo": "<NONE>",
    "openGUIOnRightClick": false,
    "inventorySize": 9,
    "inventoryStackSize": 64,
    "inventoryDropWhenDestroyed": true,
    "inventoryComparatorPower": true,
    "inventoryOutSlotIDs": [],
    "inventoryInSlotIDs": [],
    "hasEnergyStorage": false,
    "energyInitial": 0,
    "energyCapacity": 400000,
    "energyMaxReceive": 200,
    "energyMaxExtract": 200,
    "isFluidTank": false,
    "fluidCapacity": 8000,
    "fluidRestrictions": [],
    "onTickUpdate": {
      "name": "LatexInsulatorUpdateTick"
    },
    "onStartToDestroy": {
      "name": "LatexInsulatorEntityCollidesInTheBlock"
    },
    "onEntityCollides": {
      "name": "LatexInsulatorEntityCollidesInTheBlock"
    },
    "onEntityWalksOn": {
      "name": "LatexInsulatorEntityCollidesInTheBlock"
    },
    "spawnWorldTypes": [],
    "restrictionBiomes": [],
    "blocksToReplace": [],
    "generationShape": "UNIFORM",
    "frequencyPerChunks": 1,
    "frequencyOnChunk": 1,
    "minGenerateHeight": 0,
    "maxGenerateHeight": 1
  }
}