{
  "_fv": 47,
  "_type": "potioneffect",
  "definition": {
    "effectName": "Latex Solvent",
    "icon": "latex_solvent.png",
    "color": {
      "value": -1,
      "falpha": 0.0
    },
    "isInstant": false,
    "isBad": false,
    "isBenefitical": false,
    "renderStatusInInventory": true,
    "renderStatusInHUD": true,
    "onStarted": {
      "name": "LatexSolventEffectStartedapplied"
    },
    "onActiveTick": {
      "name": "LatexSolventOnActiveTick"
    },
    "onExpired": {
      "name": "LatexSolventEffectExpires"
    }
  }
}