{
  "_fv": 47,
  "_type": "recipe",
  "definition": {
    "recipeType": "Crafting",
    "recipeRetstackSize": 20,
    "group": "",
    "cookingBookCategory": "MISC",
    "xpReward": 0.0,
    "cookingTime": 200,
    "craftingBookCategory": "MISC",
    "recipeShapeless": false,
    "recipeSlots": [
      {
        "value": ""
      },
      {
        "value": "TAG:changed_addon:gooey"
      },
      {
        "value": ""
      },
      {
        "value": "TAG:changed_addon:gooey"
      },
      {
        "value": "CUSTOM:Unlatexbase"
      },
      {
        "value": "TAG:changed_addon:gooey"
      },
      {
        "value": ""
      },
      {
        "value": "TAG:changed_addon:gooey"
      },
      {
        "value": ""
      }
    ],
    "recipeReturnStack": {
      "value": "CUSTOM:LatexInsulator"
    },
    "name": "latexinsulatorrecipe",
    "namespace": "mod"
  }
}