{
  "_fv": 47,
  "_type": "achievement",
  "definition": {
    "achievementName": "Latex Insulator",
    "achievementDescription": "Let's isolate this gooey infection",
    "achievementIcon": {
      "value": "CUSTOM:LatexInsulator"
    },
    "background": "Default",
    "disableDisplay": false,
    "showPopup": true,
    "announceToChat": false,
    "hideIfNotCompleted": true,
    "rewardLoot": [],
    "rewardRecipes": [],
    "rewardFunction": "No function",
    "rewardXP": 0,
    "achievementType": "goal",
    "parent": {
      "value": "CUSTOM:ChangedaddonAdvancement"
    },
    "triggerxml": "<xml xmlns=\"https://developers.google.com/blockly/xml\"><block type=\"block_placed\" x=\"68\" y=\"22\"><value name=\"block\"><block type=\"mcitem_allblocks\"><field name=\"value\">CUSTOM:LatexInsulator</field></block></value><next><block type=\"advancement_trigger\" deletable=\"false\"></block></next></block></xml>"
  }
}