{
  "_fv": 47,
  "_type": "achievement",
  "definition": {
    "achievementName": "Leaper",
    "achievementDescription": "Do A Hight Jump Leap",
    "achievementIcon": {
      "value": "CUSTOM:DEVITEM6"
    },
    "background": "Default",
    "disableDisplay": false,
    "showPopup": true,
    "announceToChat": true,
    "hideIfNotCompleted": false,
    "rewardLoot": [],
    "rewardRecipes": [],
    "rewardFunction": "No function",
    "rewardXP": 50,
    "achievementType": "challenge",
    "parent": {
      "value": "CUSTOM:ChangedaddonAdvancement"
    },
    "triggerxml": "<xml xmlns=\"https://developers.google.com/blockly/xml\"><block type=\"custom_trigger\" x=\"48\" y=\"42\"><next><block type=\"advancement_trigger\" deletable=\"false\"></block></next></block></xml>"
  }
}