{
  "_fv": 47,
  "_type": "fluid",
  "definition": {
    "name": "Litix Camonia Fluid",
    "bucketName": "LitixCamonia Bucket",
    "textureStill": "ammoniafluid",
    "textureFlowing": "ammoniafluid",
    "tintType": "No tint",
    "canMultiply": false,
    "flowRate": 5,
    "levelDecrease": 1,
    "slopeFindDistance": 2,
    "spawnParticles": false,
    "dripParticle": {
      "value": "EXPLOSION_NORMAL"
    },
    "flowStrength": 1.0,
    "luminosity": 0,
    "density": 1000,
    "viscosity": 1000,
    "temperature": 300,
    "type": "WATER",
    "generateBucket": true,
    "textureBucket": "new_ammonia_bucket",
    "creativeTab": {
      "value": "CUSTOM:ChangedAddon"
    },
    "emptySound": {
      "value": "item.bucket.empty"
    },
    "rarity": "COMMON",
    "specialInfo": [],
    "resistance": 100.0,
    "luminance": 0,
    "lightOpacity": 0,
    "emissiveRendering": false,
    "tickRate": 10,
    "flammability": 0,
    "fireSpreadSpeed": 0,
    "colorOnMap": "SNOW",
    "onTickUpdate": {
      "name": "LitixCamoniaFluidUpdateTick"
    },
    "onEntityCollides": {
      "name": "LitixCamoniaFluidMobplayerCollidesBlock"
    }
  }
}