{
  "_fv": 47,
  "_type": "achievement",
  "definition": {
    "achievementName": "OverDose",
    "achievementDescription": "Well it wasn't §4cancer§r but i §4warned you",
    "achievementIcon": {
      "value": "CUSTOM:Syringewithlitixcammonia"
    },
    "background": "Default",
    "disableDisplay": false,
    "showPopup": true,
    "announceToChat": true,
    "hideIfNotCompleted": true,
    "rewardLoot": [],
    "rewardRecipes": [],
    "rewardFunction": "No function",
    "rewardXP": 0,
    "achievementType": "challenge",
    "parent": {
      "value": "CUSTOM:Timesthesyringewasuseadvancement3"
    },
    "triggerxml": "<xml xmlns=\"https://developers.google.com/blockly/xml\"><block type=\"custom_trigger\" x=\"30\" y=\"37\"><next><block type=\"advancement_trigger\" deletable=\"false\"></block></next></block></xml>"
  }
}