{
  "_fv": 47,
  "_type": "gui",
  "definition": {
    "type": 0,
    "width": 400,
    "height": 100,
    "inventoryOffsetX": 0,
    "inventoryOffsetY": 0,
    "renderBgLayer": true,
    "doesPauseGame": false,
    "components": [
      {
        "type": "button",
        "data": {
          "name": "button_close",
          "text": "close",
          "onClick": {
            "name": "Closemenu"
          },
          "width": 51,
          "height": 20,
          "x": 345,
          "y": 138
        }
      },
      {
        "type": "label",
        "data": {
          "name": "label_after_an_experiment_with_catalyz",
          "text": {
            "fixedValue": "after an experiment with catalyzed dna a bit of blood and an \"unlatexbase\" "
          },
          "color": {
            "value": -12829636,
            "falpha": 0.0
          },
          "x": 19,
          "y": 87
        }
      },
      {
        "type": "label",
        "data": {
          "name": "label_he_emerged",
          "text": {
            "fixedValue": "he emerged"
          },
          "color": {
            "value": -12829636,
            "falpha": 0.0
          },
          "x": 19,
          "y": 103
        }
      }
    ],
    "gridSettings": {
      "sx": 18,
      "sy": 18,
      "ox": 11,
      "oy": 15,
      "snapOnGrid": false
    }
  }
}