{
  "_fv": 47,
  "_type": "tool",
  "definition": {
    "toolType": "Hoe",
    "renderType": 0,
    "texture": "painite_hoe",
    "customModelName": "Normal",
    "name": "Painite Hoe",
    "specialInfo": [],
    "creativeTab": {
      "value": "No creative tab entry"
    },
    "harvestLevel": 5,
    "efficiency": 15.0,
    "attackSpeed": 2.0,
    "enchantability": 30,
    "damageVsEntity": 3.0,
    "usageCount": 3046,
    "blocksAffected": [],
    "hasGlow": false,
    "repairItems": [
      {
        "value": "CUSTOM:Painite"
      }
    ],
    "immuneToFire": true,
    "stayInGridWhenCrafting": false,
    "damageOnCrafting": false
  }
}