{
  "_fv": 47,
  "_type": "tool",
  "definition": {
    "toolType": "Pickaxe",
    "renderType": 0,
    "texture": "painite_picaxe_v2",
    "customModelName": "Normal",
    "name": "Painite Pickaxe",
    "specialInfo": [],
    "creativeTab": {
      "value": "No creative tab entry"
    },
    "harvestLevel": 5,
    "efficiency": 12.0,
    "attackSpeed": 1.2000000000000002,
    "enchantability": 30,
    "damageVsEntity": 6.75,
    "usageCount": 3026,
    "blocksAffected": [],
    "hasGlow": false,
    "repairItems": [
      {
        "value": "CUSTOM:Painite"
      }
    ],
    "immuneToFire": true,
    "stayInGridWhenCrafting": false,
    "damageOnCrafting": false
  }
}