{
  "_fv": 47,
  "_type": "armor",
  "definition": {
    "enableHelmet": true,
    "textureHelmet": "new_painite_helmet",
    "enableBody": true,
    "textureBody": "new_painite_chestplate",
    "enableLeggings": true,
    "textureLeggings": "new_panite_leggins",
    "enableBoots": true,
    "textureBoots": "new_painite_boots",
    "creativeTab": {
      "value": "No creative tab entry"
    },
    "armorTextureFile": "newpainite_armor_",
    "helmetName": "Painite Helmet",
    "bodyName": "Painite Chestplate",
    "leggingsName": "Painite Leggings",
    "bootsName": "Painite Boots",
    "helmetSpecialInfo": [],
    "bodySpecialInfo": [],
    "leggingsSpecialInfo": [],
    "bootsSpecialInfo": [],
    "helmetModelName": "Default",
    "helmetModelPart": "Helmet",
    "helmetModelTexture": "From armor",
    "bodyModelName": "Default",
    "bodyModelPart": "Body",
    "armsModelPartL": "Arms L",
    "armsModelPartR": "Arms R",
    "bodyModelTexture": "From armor",
    "leggingsModelName": "Default",
    "leggingsModelPartL": "Leggings L",
    "leggingsModelPartR": "Leggings R",
    "leggingsModelTexture": "From armor",
    "bootsModelName": "Default",
    "bootsModelPartL": "Boots L",
    "bootsModelPartR": "Boots R",
    "bootsModelTexture": "From armor",
    "helmetItemRenderType": 0,
    "helmetItemCustomModelName": "Normal",
    "bodyItemRenderType": 0,
    "bodyItemCustomModelName": "Normal",
    "leggingsItemRenderType": 0,
    "leggingsItemCustomModelName": "Normal",
    "bootsItemRenderType": 0,
    "bootsItemCustomModelName": "Normal",
    "helmetImmuneToFire": true,
    "bodyImmuneToFire": true,
    "leggingsImmuneToFire": true,
    "bootsImmuneToFire": true,
    "maxDamage": 45,
    "damageValueHelmet": 3,
    "damageValueBody": 8,
    "damageValueLeggings": 6,
    "damageValueBoots": 3,
    "enchantability": 50,
    "toughness": 3.0,
    "knockbackResistance": 0.1,
    "equipSound": {
      "value": "item.armor.equip_netherite"
    },
    "repairItems": [
      {
        "value": "CUSTOM:Painite"
      },
      {
        "value": "Items.NETHERITE_INGOT"
      }
    ]
  }
}