{
  "_fv": 47,
  "_type": "tag",
  "definition": {
    "type": "Items",
    "items": [
      {
        "value": "Blocks.SAPLING#0"
      },
      {
        "value": "Blocks.SAPLING#1"
      },
      {
        "value": "Blocks.SAPLING#2"
      },
      {
        "value": "Blocks.SAPLING#3"
      },
      {
        "value": "Blocks.SAPLING#4"
      },
      {
        "value": "Blocks.SAPLING#5"
      },
      {
        "value": "Blocks.REEDS"
      },
      {
        "value": "Blocks.LEAVES#0"
      },
      {
        "value": "Blocks.LEAVES#1"
      },
      {
        "value": "Blocks.LEAVES#2"
      },
      {
        "value": "Blocks.LEAVES#3"
      },
      {
        "value": "Blocks.LEAVES2#0"
      },
      {
        "value": "Blocks.LEAVES2#1"
      },
      {
        "value": "Blocks.AZALEA_LEAVES"
      },
      {
        "value": "Blocks.FLOWERING_AZALEA_LEAVES"
      },
      {
        "value": "Blocks.TALLGRASS#1"
      },
      {
        "value": "Blocks.TALLGRASS#2"
      },
      {
        "value": "Blocks.SEAGRASS"
      },
      {
        "value": "Blocks.DEADBUSH"
      },
      {
        "value": "Blocks.YELLOW_FLOWER"
      },
      {
        "value": "Blocks.RED_FLOWER#0"
      },
      {
        "value": "Blocks.RED_FLOWER#1"
      },
      {
        "value": "Blocks.RED_FLOWER#2"
      },
      {
        "value": "Blocks.RED_FLOWER#3"
      },
      {
        "value": "Blocks.RED_FLOWER#4"
      },
      {
        "value": "Blocks.RED_FLOWER#5"
      },
      {
        "value": "Blocks.RED_FLOWER#6"
      },
      {
        "value": "Blocks.RED_FLOWER#7"
      },
      {
        "value": "Blocks.RED_FLOWER#8"
      },
      {
        "value": "Blocks.CORNFLOWER"
      },
      {
        "value": "Blocks.LILY_OF_THE_VALLEY"
      },
      {
        "value": "Blocks.WITHER_ROSE"
      },
      {
        "value": "Blocks.DOUBLE_PLANT#0"
      },
      {
        "value": "Blocks.DOUBLE_PLANT#1"
      },
      {
        "value": "Blocks.DOUBLE_PLANT#4"
      },
      {
        "value": "Blocks.DOUBLE_PLANT#5"
      },
      {
        "value": "Blocks.BROWN_MUSHROOM"
      },
      {
        "value": "Blocks.RED_MUSHROOM"
      },
      {
        "value": "Blocks.WARPED_FUNGUS"
      },
      {
        "value": "Blocks.CRIMSON_FUNGUS"
      },
      {
        "value": "Blocks.WHEAT"
      },
      {
        "value": "Blocks.KELP"
      }
    ],
    "blocks": [],
    "functions": [],
    "entities": [],
    "biomes": [],
    "name": "plants",
    "namespace": "minecraft"
  }
}