{
  "_fv": 47,
  "_type": "enchantment",
  "definition": {
    "name": "Latex Solvent",
    "type": "WEAPON",
    "rarity": "RARE",
    "minLevel": 1,
    "maxLevel": 5,
    "damageModifier": 0,
    "compatibleEnchantments": [
      {
        "value": "SHARPNESS"
      }
    ],
    "excludeEnchantments": true,
    "compatibleItems": [],
    "excludeItems": false,
    "isTreasureEnchantment": false,
    "isCurse": false,
    "isAllowedOnBooks": true,
    "canGenerateInLootTables": true,
    "canVillagerTrade": true
  }
}