{
  "_fv": 47,
  "_type": "recipe",
  "definition": {
    "recipeType": "Crafting",
    "recipeRetstackSize": 1,
    "group": "",
    "cookingBookCategory": "MISC",
    "xpReward": 0.0,
    "cookingTime": 200,
    "craftingBookCategory": "MISC",
    "recipeShapeless": false,
    "recipeSlots": [
      {
        "value": ""
      },
      {
        "value": ""
      },
      {
        "value": ""
      },
      {
        "value": ""
      },
      {
        "value": "Items.TOTEM_OF_UNDYING"
      },
      {
        "value": ""
      },
      {
        "value": ""
      },
      {
        "value": "Items.WHEAT_SEEDS"
      },
      {
        "value": ""
      }
    ],
    "recipeReturnStack": {
      "value": "CUSTOM:Spawneggoffoxyas"
    },
    "name": "spawneggoffoxyasrecipe",
    "namespace": "mod"
  }
}