{
  "_fv": 47,
  "_type": "item",
  "definition": {
    "renderType": 0,
    "texture": "new_liticammonia_syringe",
    "customModelName": "Normal",
    "customProperties": {},
    "states": [
      {
        "renderType": 0,
        "texture": "newlitixcamonia_almost_fully",
        "customModelName": "Normal",
        "stateMap": [
          {
            "property": {
              "min": 0.0,
              "max": 1.0,
              "name": "damage",
              "type": "number"
            },
            "value": 0.5
          }
        ]
      }
    ],
    "name": "Syringe with Litix-Camonia",
    "rarity": "COMMON",
    "creativeTab": {
      "value": "CUSTOM:ChangedAddon"
    },
    "stackSize": 1,
    "enchantability": 0,
    "useDuration": 20,
    "toolType": 1.0,
    "damageCount": 2,
    "recipeRemainder": {
      "value": ""
    },
    "destroyAnyBlock": false,
    "immuneToFire": false,
    "stayInGridWhenCrafting": false,
    "damageOnCrafting": false,
    "enableMeleeDamage": false,
    "damageVsEntity": 0.0,
    "specialInfo": [],
    "hasGlow": false,
    "guiBoundTo": "<NONE>",
    "inventorySize": 9,
    "inventoryStackSize": 64,
    "onEntityHitWith": {
      "name": "SyringewithlitixcammoniaLivingEntityIsHitWithItem"
    },
    "onFinishUsingItem": {
      "name": "SyringewithlitixcammoniaPlayerFinishesUsingItem"
    },
    "isFood": true,
    "nutritionalValue": 4,
    "saturation": 2.0,
    "eatResultItem": {
      "value": ""
    },
    "isMeat": false,
    "isAlwaysEdible": true,
    "animation": "drink"
  }
}