{
  "_fv": 47,
  "_type": "achievement",
  "definition": {
    "achievementName": "where are the side effects?",
    "achievementDescription": "You used a litixcamonia syringe more than 64 times!!! §4CAN GO GET ONE CANCER IF YOU NOT STOP CHANGE YOUR DNA!!!!!",
    "achievementIcon": {
      "value": "CUSTOM:Syringewithlitixcammonia"
    },
    "background": "Default",
    "disableDisplay": false,
    "showPopup": true,
    "announceToChat": false,
    "hideIfNotCompleted": true,
    "rewardLoot": [],
    "rewardRecipes": [],
    "rewardFunction": "No function",
    "rewardXP": 0,
    "achievementType": "challenge",
    "parent": {
      "value": "CUSTOM:TimesthesyringewasusedAdvancement"
    },
    "triggerxml": "<xml xmlns=\"https://developers.google.com/blockly/xml\"><block type=\"custom_trigger\" x=\"29\" y=\"42\"><next><block type=\"advancement_trigger\" deletable=\"false\"></block></next></block></xml>"
  }
}