{
  "_fv": 47,
  "_type": "achievement",
  "definition": {
    "achievementName": "In Total Control",
    "achievementDescription": "You use a latex totem to transfur or untransfur",
    "achievementIcon": {
      "value": "CUSTOM:TransfurTotem"
    },
    "background": "Default",
    "disableDisplay": false,
    "showPopup": true,
    "announceToChat": false,
    "hideIfNotCompleted": true,
    "rewardLoot": [],
    "rewardRecipes": [],
    "rewardFunction": "No function",
    "rewardXP": 250,
    "achievementType": "challenge",
    "parent": {
      "value": "CUSTOM:KillExperiment009"
    },
    "triggerxml": "<xml xmlns=\"https://developers.google.com/blockly/xml\"><block type=\"custom_trigger\" x=\"34\" y=\"30\"><next><block type=\"advancement_trigger\" deletable=\"false\"></block></next></block></xml>"
  }
}