{
  "_fv": 47,
  "_type": "gui",
  "definition": {
    "type": 0,
    "width": 176,
    "height": 150,
    "inventoryOffsetX": 0,
    "inventoryOffsetY": 0,
    "renderBgLayer": false,
    "doesPauseGame": false,
    "components": [
      {
        "type": "button",
        "data": {
          "name": "button_1",
          "text": "Purr",
          "onClick": {
            "name": "PlaySoundPurr"
          },
          "displayCondition": {
            "name": "IfCatlatex"
          },
          "width": 30,
          "height": 20,
          "x": 130,
          "y": 51
        }
      },
      {
        "type": "button",
        "data": {
          "name": "button_2",
          "text": "Meow",
          "onClick": {
            "name": "PlaySoundMeow"
          },
          "displayCondition": {
            "name": "IfCatlatex"
          },
          "width": 30,
          "height": 20,
          "x": 130,
          "y": 73
        }
      },
      {
        "type": "entitymodel",
        "data": {
          "entityModel": {
            "name": "FoxyasGuiEntityDisplay"
          },
          "scale": 30,
          "rotationX": 0,
          "followMouseMovement": true,
          "x": 204,
          "y": 157
        }
      },
      {
        "type": "button",
        "data": {
          "name": "button_3",
          "text": "growl",
          "onClick": {
            "name": "PlaySoundgrowl"
          },
          "displayCondition": {
            "name": "IfDogLatex"
          },
          "width": 30,
          "height": 20,
          "x": 264,
          "y": 52
        }
      },
      {
        "type": "button",
        "data": {
          "name": "button_4",
          "text": "bark",
          "onClick": {
            "name": "PlaySoundbark"
          },
          "displayCondition": {
            "name": "IfDogLatex"
          },
          "width": 30,
          "height": 20,
          "x": 264,
          "y": 74
        }
      },
      {
        "type": "button",
        "data": {
          "name": "button_5",
          "text": "howl",
          "onClick": {
            "name": "PlaySoundhowl"
          },
          "displayCondition": {
            "name": "IfDogLatex"
          },
          "width": 30,
          "height": 20,
          "x": 264,
          "y": 96
        }
      },
      {
        "type": "label",
        "data": {
          "name": "label_transfursounds",
          "text": {
            "fixedValue": "TransfurSounds"
          },
          "color": {
            "value": -1,
            "falpha": 0.0
          },
          "x": 175,
          "y": 21
        }
      },
      {
        "type": "button",
        "data": {
          "name": "button_6",
          "text": "hiss",
          "onClick": {
            "name": "PlaySoundhiss"
          },
          "displayCondition": {
            "name": "IfCatlatex"
          },
          "width": 30,
          "height": 20,
          "x": 130,
          "y": 95
        }
      },
      {
        "type": "button",
        "data": {
          "name": "button_7",
          "text": "purreow",
          "onClick": {
            "name": "PlaySoundPurreow"
          },
          "displayCondition": {
            "name": "IfCatlatex"
          },
          "width": 40,
          "height": 20,
          "x": 130,
          "y": 117
        }
      },
      {
        "type": "label",
        "data": {
          "name": "label_proc_return_type_transfur_sound",
          "text": {
            "fixedValue": "",
            "name": "ReturnTypeTransfurSound"
          },
          "color": {
            "value": -12829636,
            "falpha": 0.0
          },
          "x": 162,
          "y": 34
        }
      },
      {
        "type": "button",
        "data": {
          "name": "button_cooldown",
          "text": "Cooldown Reset",
          "onClick": {
            "name": "SetCoolDownOff"
          },
          "displayCondition": {
            "name": "CooldownReset"
          },
          "width": 77,
          "height": 20,
          "x": 173,
          "y": 50
        }
      }
    ],
    "gridSettings": {
      "sx": 18,
      "sy": 18,
      "ox": 11,
      "oy": 15,
      "snapOnGrid": false
    }
  }
}