{
  "_fv": 47,
  "_type": "item",
  "definition": {
    "renderType": 0,
    "texture": "latex-totem_golden",
    "customModelName": "Normal",
    "customProperties": {
      "glowtick": {
        "name": "TransfurTotemItemInInventory"
      }
    },
    "states": [
      {
        "renderType": 0,
        "texture": "latex-totem_golden_glow",
        "customModelName": "Normal",
        "stateMap": [
          {
            "property": {
              "min": -1.7976931348623157E308,
              "max": 1.7976931348623157E308,
              "name": "CUSTOM:glowtick",
              "type": "number"
            },
            "value": 0.49999999999999994
          }
        ]
      }
    ],
    "name": "Latex Totem",
    "rarity": "UNCOMMON",
    "creativeTab": {
      "value": "CUSTOM:ChangedAddon"
    },
    "stackSize": 1,
    "enchantability": 0,
    "useDuration": 0,
    "toolType": 1.0,
    "damageCount": 0,
    "recipeRemainder": {
      "value": ""
    },
    "destroyAnyBlock": false,
    "immuneToFire": true,
    "stayInGridWhenCrafting": true,
    "damageOnCrafting": false,
    "enableMeleeDamage": false,
    "damageVsEntity": 0.0,
    "specialInfo": [],
    "hasGlow": true,
    "glowCondition": {
      "name": "TransfurTotemMakeItemGlow"
    },
    "guiBoundTo": "<NONE>",
    "inventorySize": 1,
    "inventoryStackSize": 64,
    "onRightClickedInAir": {
      "name": "TransfurTotemRightclicked"
    },
    "onItemInInventoryTick": {
      "name": "TransfurTotemItemInInventoryTick"
    },
    "isFood": false,
    "nutritionalValue": 4,
    "saturation": 0.3,
    "eatResultItem": {
      "value": ""
    },
    "isMeat": false,
    "isAlwaysEdible": false,
    "animation": "block"
  }
}