{
  "_fv": 47,
  "_type": "gui",
  "definition": {
    "type": 1,
    "width": 200,
    "height": 187,
    "inventoryOffsetX": 0,
    "inventoryOffsetY": 11,
    "renderBgLayer": false,
    "doesPauseGame": false,
    "components": [
      {
        "type": "inputslot",
        "data": {
          "inputLimit": {
            "value": ""
          },
          "disablePlacement": {
            "fixedValue": false,
            "name": "UnifuserguiDisableItemstackPlacementslot0"
          },
          "id": 0,
          "disablePickup": {
            "fixedValue": false
          },
          "dropItemsWhenNotBound": true,
          "x": 128,
          "y": 71
        }
      },
      {
        "type": "outputslot",
        "data": {
          "id": 3,
          "disablePickup": {
            "fixedValue": false
          },
          "dropItemsWhenNotBound": true,
          "x": 268,
          "y": 83
        }
      },
      {
        "type": "inputslot",
        "data": {
          "inputLimit": {
            "value": ""
          },
          "disablePlacement": {
            "fixedValue": false,
            "name": "UnifuserguiDisableItemstackPlacement"
          },
          "id": 2,
          "disablePickup": {
            "fixedValue": false
          },
          "dropItemsWhenNotBound": true,
          "x": 163,
          "y": 83
        }
      },
      {
        "type": "inputslot",
        "data": {
          "inputLimit": {
            "value": ""
          },
          "disablePlacement": {
            "fixedValue": false
          },
          "id": 1,
          "disablePickup": {
            "fixedValue": false
          },
          "dropItemsWhenNotBound": true,
          "x": 128,
          "y": 96
        }
      },
      {
        "type": "label",
        "data": {
          "name": "label_proc_blockstartinfo",
          "text": {
            "fixedValue": "",
            "name": "Blockstartinfo"
          },
          "color": {
            "value": -12829636,
            "falpha": 0.0
          },
          "x": 123,
          "y": 37
        }
      },
      {
        "type": "label",
        "data": {
          "name": "label_full",
          "text": {
            "fixedValue": "Full"
          },
          "color": {
            "value": -12829636,
            "falpha": 0.0
          },
          "displayCondition": {
            "name": "IfBlockisfull"
          },
          "x": 267,
          "y": 105
        }
      },
      {
        "type": "image",
        "data": {
          "image": "unifuserextragui.png",
          "use1Xscale": false,
          "displayCondition": {
            "name": "IfShowUnifuserRecipes"
          },
          "x": 2,
          "y": 27
        }
      },
      {
        "type": "image",
        "data": {
          "image": "unifusergui_new.png",
          "use1Xscale": false,
          "x": 113,
          "y": 27
        }
      },
      {
        "type": "image",
        "data": {
          "image": "bar_10_percent.png",
          "use1Xscale": true,
          "displayCondition": {
            "name": "Show10porcentbar"
          },
          "x": 198,
          "y": 76
        }
      },
      {
        "type": "image",
        "data": {
          "image": "bar_25_percent.png",
          "use1Xscale": true,
          "displayCondition": {
            "name": "Show25porcentbar"
          },
          "x": 198,
          "y": 76
        }
      },
      {
        "type": "image",
        "data": {
          "image": "bar_50_percent.png",
          "use1Xscale": true,
          "displayCondition": {
            "name": "Show50porcentbar"
          },
          "x": 198,
          "y": 76
        }
      },
      {
        "type": "image",
        "data": {
          "image": "bar_75_percent.png",
          "use1Xscale": true,
          "displayCondition": {
            "name": "Show75porcentbar"
          },
          "x": 198,
          "y": 76
        }
      },
      {
        "type": "image",
        "data": {
          "image": "bar_90_percent.png",
          "use1Xscale": true,
          "displayCondition": {
            "name": "Show90porcentbar"
          },
          "x": 198,
          "y": 76
        }
      },
      {
        "type": "image",
        "data": {
          "image": "bar_0_percent.png",
          "use1Xscale": true,
          "displayCondition": {
            "name": "Show0porcentbar"
          },
          "x": 198,
          "y": 76
        }
      },
      {
        "type": "image",
        "data": {
          "image": "barr_full.png",
          "use1Xscale": true,
          "displayCondition": {
            "name": "Showfullbar"
          },
          "x": 198,
          "y": 76
        }
      },
      {
        "type": "label",
        "data": {
          "name": "label_proc_recipe_progress",
          "text": {
            "fixedValue": "",
            "name": "RecipeProgress"
          },
          "color": {
            "value": -12829636,
            "falpha": 0.0
          },
          "x": 203,
          "y": 74
        }
      },
      {
        "type": "image",
        "data": {
          "image": "dusts.png",
          "use1Xscale": false,
          "x": 129,
          "y": 73
        }
      },
      {
        "type": "image",
        "data": {
          "image": "syringe_withlitixcamonia_screen.png",
          "use1Xscale": false,
          "x": 164,
          "y": 84
        }
      },
      {
        "type": "imagebutton",
        "data": {
          "name": "imagebutton_recipe_buttom_normal",
          "image": "recipe_buttom_normal.png",
          "hoveredImage": "recipe_buttom_selected.png",
          "onClick": {
            "name": "ShowUnifuserRecipes"
          },
          "x": 204,
          "y": 107
        }
      },
      {
        "type": "tooltip",
        "data": {
          "name": "tooltip_place_the_powders",
          "text": {
            "fixedValue": "Place the Powders"
          },
          "displayCondition": {
            "name": "IfisEmpty"
          },
          "width": 24,
          "height": 24,
          "x": 124,
          "y": 68
        }
      },
      {
        "type": "tooltip",
        "data": {
          "name": "tooltip_place_a_syringe_with_dna",
          "text": {
            "fixedValue": "Place a Syringe with DNA"
          },
          "displayCondition": {
            "name": "IfisEmpty3"
          },
          "width": 24,
          "height": 24,
          "x": 159,
          "y": 80
        }
      },
      {
        "type": "tooltip",
        "data": {
          "name": "tooltip_put_the_second_ingredient",
          "text": {
            "fixedValue": "Put the second ingredient"
          },
          "displayCondition": {
            "name": "Ifisempty2"
          },
          "width": 24,
          "height": 24,
          "x": 124,
          "y": 92
        }
      },
      {
        "type": "imagebutton",
        "data": {
          "name": "imagebutton_litixcamonia_slot",
          "image": "litixcamonia_slot.png",
          "hoveredImage": "litixcamonia_slot_selected.png",
          "onClick": {
            "name": "Openpage3"
          },
          "displayCondition": {
            "name": "IfShowUnifuserRecipes"
          },
          "x": 11,
          "y": 34
        }
      },
      {
        "type": "tooltip",
        "data": {
          "name": "tooltip_display_litixcamonia_recipe",
          "text": {
            "fixedValue": "Display Litix-Camonia Recipe"
          },
          "displayCondition": {
            "name": "IfShowUnifuserRecipes"
          },
          "width": 24,
          "height": 24,
          "x": 7,
          "y": 30
        }
      },
      {
        "type": "tooltip",
        "data": {
          "name": "tooltip_display_pot_with_litixcamonia_r",
          "text": {
            "fixedValue": "Display Pot With Litix-Camonia Recipe"
          },
          "displayCondition": {
            "name": "IfShowUnifuserRecipes"
          },
          "width": 24,
          "height": 24,
          "x": 31,
          "y": 30
        }
      },
      {
        "type": "imagebutton",
        "data": {
          "name": "imagebutton_potiwhtlitixcamonia_slot",
          "image": "potiwhtlitixcamonia_slot.png",
          "hoveredImage": "potwithlitixcamonia_slot_selected.png",
          "onClick": {
            "name": "OpenBookRecipe"
          },
          "displayCondition": {
            "name": "IfShowUnifuserRecipes"
          },
          "x": 34,
          "y": 34
        }
      },
      {
        "type": "imagebutton",
        "data": {
          "name": "imagebutton_syringewithlitixcamonia_slot",
          "image": "syringewithlitixcamonia_slot.png",
          "hoveredImage": "syringewithlitixcamonia_slot_selected.png",
          "onClick": {
            "name": "OpenBookRecipe5"
          },
          "displayCondition": {
            "name": "IfShowUnifuserRecipes"
          },
          "x": 58,
          "y": 34
        }
      },
      {
        "type": "tooltip",
        "data": {
          "name": "tooltip_display_litixcamonia_recipe1",
          "text": {
            "fixedValue": "Display Litix-Camonia Recipe"
          },
          "displayCondition": {
            "name": "IfShowUnifuserRecipes"
          },
          "width": 24,
          "height": 24,
          "x": 55,
          "y": 30
        }
      },
      {
        "type": "imagebutton",
        "data": {
          "name": "imagebutton_litixcamonia_slot1",
          "image": "litixcamonia_slot.png",
          "hoveredImage": "litixcamonia_slot_selected.png",
          "onClick": {
            "name": "Openpage3"
          },
          "displayCondition": {
            "name": "IfShowUnifuserRecipes"
          },
          "x": 81,
          "y": 34
        }
      },
      {
        "type": "label",
        "data": {
          "name": "label_3",
          "text": {
            "fixedValue": "+3"
          },
          "color": {
            "value": -1,
            "falpha": 0.0
          },
          "displayCondition": {
            "name": "IfShowUnifuserRecipes"
          },
          "x": 87,
          "y": 41
        }
      },
      {
        "type": "tooltip",
        "data": {
          "name": "tooltip_display_litixcamonia_multiplier",
          "text": {
            "fixedValue": "Display Litix-Camonia Multiplier Recipe"
          },
          "displayCondition": {
            "name": "IfShowUnifuserRecipes"
          },
          "width": 24,
          "height": 24,
          "x": 79,
          "y": 30
        }
      },
      {
        "type": "image",
        "data": {
          "image": "litixcamoniadisplayrecipe.png",
          "use1Xscale": true,
          "displayCondition": {
            "name": "IfShowUnifuserRecipesPage1"
          },
          "x": 5,
          "y": 61
        }
      },
      {
        "type": "image",
        "data": {
          "image": "litixcamoniamultiplierrecipe.png",
          "use1Xscale": true,
          "displayCondition": {
            "name": "IfShowUnifuserRecipesPage1"
          },
          "x": 5,
          "y": 115
        }
      },
      {
        "type": "image",
        "data": {
          "image": "small_gray_bar.png",
          "use1Xscale": false,
          "displayCondition": {
            "name": "IfShowUnifuserRecipes"
          },
          "x": 11,
          "y": 185
        }
      },
      {
        "type": "label",
        "data": {
          "name": "label_next_page",
          "text": {
            "fixedValue": "Next Page"
          },
          "color": {
            "value": -1,
            "falpha": 0.0
          },
          "displayCondition": {
            "name": "IfShowUnifuserRecipes"
          },
          "x": 31,
          "y": 192
        }
      },
      {
        "type": "imagebutton",
        "data": {
          "name": "imagebutton_hitbox_88x17",
          "image": "small_gray_bar.png",
          "hoveredImage": "small_selected_gray_bar.png",
          "onClick": {
            "name": "SetRecipePage"
          },
          "displayCondition": {
            "name": "IfShowUnifuserRecipes"
          },
          "x": 11,
          "y": 185
        }
      },
      {
        "type": "image",
        "data": {
          "image": "syringelitixcamoniadisplayrecipe.png",
          "use1Xscale": true,
          "displayCondition": {
            "name": "IfShowUnifuserRecipes2"
          },
          "x": 5,
          "y": 61
        }
      },
      {
        "type": "image",
        "data": {
          "image": "potwithlitixcamoniadisplayrecipe.png",
          "use1Xscale": true,
          "displayCondition": {
            "name": "IfShowUnifuserRecipes2"
          },
          "x": 5,
          "y": 115
        }
      },
      {
        "type": "tooltip",
        "data": {
          "name": "tooltip_display_recipes",
          "text": {
            "fixedValue": "Display Recipes"
          },
          "width": 24,
          "height": 24,
          "x": 202,
          "y": 103
        }
      }
    ],
    "gridSettings": {
      "sx": 50,
      "sy": 50,
      "ox": 1,
      "oy": 1,
      "snapOnGrid": false
    }
  }
}