{
  "dependencies_provided": [
    {
      "name": "dimension",
      "type": "dimensiontype"
    },
    {
      "name": "entity",
      "type": "entity"
    },
    {
      "name": "renderable",
      "type": "logic"
    },
    {
      "name": "camX",
      "type": "number"
    },
    {
      "name": "camY",
      "type": "number"
    },
    {
      "name": "camZ",
      "type": "number"
    },
    {
      "name": "x",
      "type": "number"
    },
    {
      "name": "y",
      "type": "number"
    },
    {
      "name": "z",
      "type": "number"
    },
    {
      "name": "pose",
      "type": "pose"
    },
    {
      "name": "world",
      "type": "world"
    }
  ],
  "cancelable": "false",
  "has_result": "false",
  "side": "client"
}