{
  "args0": [
    {
      "type": "input_value",
      "name": "left",
      "check": "DamageSource"
    },
    {
      "type": "input_value",
      "name": "right",
      "check": "String"
    }
  ],
  "output": "Boolean",
  "inputsInline": true,
  "colour": "%{BKY_LOGIC_HUE}",
  "mcreator": {
    "toolbox_id": "additions",
    "toolbox_init": [
      "<value name=\"left\"></value>",
      "<value name=\"right\"><block type=\"text\"><field name=\"TEXT\">custom</field></block></value>"
    ],
    "inputs": [
      "left",
      "right"
    ]
  }
}