{
  "args0": [
    {
      "type": "input_value",
      "name": "left",
      "check": "DamageSource"
    },
    {
      "type": "field_data_list_selector",
      "name": "right",
      "datalist": "availabledamagesources"
    }
  ],
  "output": "Boolean",
  "inputsInline": true,
  "colour": "%{BKY_LOGIC_HUE}",
  "mcreator": {
    "toolbox_id": "additions",
    "toolbox_init": [
      "<value name=\"left\"></value>"
    ],
    "inputs": [
      "left"
    ],
    "fields": [
      "right"
    ]
  }
}