{
  "args0": [
    {
      "type": "input_value",
      "name": "damagesource",
      "check": "DamageSource"
    },
    {
      "type": "field_data_list_selector",
      "name": "tag",
      "datalist": "damagesourcetags"
    }
  ],
  "output": "Boolean",
  "inputsInline": true,
  "colour": "%{BKY_LOGIC_HUE}",
  "mcreator": {
    "toolbox_id": "additions",
    "toolbox_init": [
      "<value name=\"damagesource\"></value>"
    ],
    "inputs": [
      "damagesource"
    ],
    "fields": [
      "tag"
    ]
  }
}