{
  "args0": [
    {
      "type": "input_value",
      "name": "damagesource",
      "check": "DamageSource"
    },
    {
      "type": "input_value",
      "name": "entity",
      "check": "Entity"
    },
    {
      "type": "input_value",
      "name": "x",
      "check": "Number"
    },
    {
      "type": "input_value",
      "name": "y",
      "check": "Number"
    },
    {
      "type": "input_value",
      "name": "z",
      "check": "Number"
    },
    {
      "type": "input_value",
      "name": "power",
      "check": "Number"
    },
    {
      "type": "input_value",
      "name": "fire",
      "check": "Boolean"
    },
    {
      "type": "field_data_list_selector",
      "name": "type",
      "datalist": "explosiontypes"
    }
  ],
  "inputsInline": true,
  "previousStatement": null,
  "nextStatement": null,
  "colour": 35,
  "mcreator": {
    "toolbox_id": "additions",
    "toolbox_init": [
      "<value name=\"damagesource\"></value>",
      "<value name=\"entity\"><block type=\"entity_from_deps\"></block></value>",
      "<value name=\"x\"><block type=\"coord_x\"></block></value>",
      "<value name=\"y\"><block type=\"coord_y\"></block></value>",
      "<value name=\"z\"><block type=\"coord_z\"></block></value>",
      "<value name=\"power\"><block type=\"math_number\"><field name=\"NUM\">4</field></block></value>",
      "<value name=\"fire\"><block type=\"logic_boolean\"><field name=\"BOOL\">FALSE</field></block></value>"
    ],
    "inputs": [
      "damagesource",
      "entity",
      "x",
      "y",
      "z",
      "power",
      "fire"
    ],
    "fields": [
      "type"
    ],
    "dependencies": [
      {
        "name": "world",
        "type": "world"
      }
    ]
  }
}