{
  "args0": [
    {
      "type": "field_image",
      "src": "./res/null.png",
      "width": 8,
      "height": 24
    },
    {
      "type": "input_value",
      "name": "uuid",
      "check": "String"
    }
  ],
  "output": "Entity",
  "inputsInline": true,
  "colour": 195,
  "mcreator": {
    "toolbox_id": "additions",
    "toolbox_init": [
      "<value name=\"uuid\"><block type=\"text\"><field name=\"TEXT\">UUID</field></block></value>"
    ],
    "inputs": [
      "uuid"
    ],
    "dependencies": [
      {
        "name": "world",
        "type": "world"
      }
    ]
  }
}