{
  "args0": [
    {
      "type": "field_data_list_selector",
      "name": "damagesource",
      "datalist": "entitydamagesources"
    },
    {
      "type": "input_value",
      "name": "directsource",
      "check": "Entity"
    },
    {
      "type": "input_value",
      "name": "indirectsource",
      "check": "Entity"
    }
  ],
  "output": "DamageSource",
  "inputsInline": true,
  "colour": 320,
  "mcreator": {
    "toolbox_id": "additions",
    "toolbox_init": [
      "<value name=\"directsource\"><block type=\"immediate_source_entity_from_deps\"></block></value>",
      "<value name=\"indirectsource\"><block type=\"source_entity_from_deps\"></block></value>"
    ],
    "fields": [
      "damagesource"
    ],
    "inputs": [
      "directsource",
      "indirectsource"
    ],
    "dependencies": [
      {
        "name": "world",
        "type": "world"
      }
    ]
  }
}