{
  "args0": [
    {
      "type": "input_value",
      "name": "damagesource",
      "check": "String"
    }
  ],
  "output": "DamageSource",
  "colour": 320,
  "mcreator": {
    "toolbox_id": "additions",
    "toolbox_init": [
      "<value name=\"damagesource\"><block type=\"text\"><field name=\"TEXT\">custom</field></block></value>"
    ],
    "inputs": [
      "damagesource"
    ],
    "dependencies": [
      {
        "name": "world",
        "type": "world"
      }
    ]
  }
}