{
    "args0": [
      {
        "type": "input_value",
        "name": "name",
        "check": "String"
      },
      {
        "type": "input_dummy",
        "name": "var"
      }
    ],
    "extensions": [
      "jsonobject_variables"
    ],
    "mutator": "variable_entity_input",
    "output": "Boolean",
    "colour": "%{BKY_LOGIC_HUE}",
    "mcreator": {
      "toolbox_id": "file_manager",
      "toolbox_init": [
        "<value name=\"name\"><block type=\"text\"><field name=\"TEXT\">name</field></block></value>"
      ],
      "inputs": [
        "name"
      ],
      "fields": [
        "VAR"
      ]
    }
  }