{
  "args0": [
    {
      "type": "input_value",
      "name": "player",
      "check": "Entity"
    },
    {
      "type": "input_value",
      "name": "distance",
      "check": "Number"
    },
    {
      "type": "field_image",
      "src": "./res/null.png",
      "width": 8,
      "height": 24
    }
  ],
  "inputsInline": true,
  "output": "Entity",
  "colour": 195,
  "mcreator": {
    "toolbox_id": "entitydata",
    "toolbox_init": [
      "<value name=\"player\"><block type=\"entity_from_deps\"></block></value>",
      "<value name=\"distance\"><block type=\"math_number\"><field name=\"NUM\">4</field></block></value>"
    ],
    "inputs": [
      "player",
      "distance"
    ]
  }
}